"","Date","Price","bing_score","nrc_score.x","Afinn_score.x","Price2"
"1",2009-05-28,-1.86497601096641,1,1,0,0.0765690786252833
"2",2009-07-13,-2.58053461274846,2,0,2,-4.11455987466954
"3",2010-03-23,0.287183002056205,3,2,3,12.6820718691863
"4",2010-03-31,0.451679232350926,1,2,-1,13.645549789484
"5",2010-04-13,0.87251542152159,1,2,0,16.1104474689122
"6",2010-04-23,1.2357779300891,-1,0,1,18.2381278762362
"7",2010-05-03,1.50993831391364,-1,0,-2,19.8439244100656
"8",2010-05-13,0.320082248115148,-1,0,-2,12.8747674532459
"9",2010-06-22,0.137765592871831,0,2,3,11.8069127582493
"10",2010-06-24,-0.261137765592871,1,1,0,9.47047880152747
"11",2010-07-20,-0.104866346812885,2,4,6,10.3857828258102
"12",2010-07-29,0.209047292666209,3,0,10,12.2244198570449
"13",2010-07-30,0.0582590815627144,0,0,0,11.3412317634388
"14",2010-08-04,0.916381082933517,-1,1,-2,16.3673749143249
"15",2010-08-12,-0.0610006854009599,1,0,0,10.6427102712229
"16",2010-08-19,-0.306374228923919,1,1,4,9.20552237344562
"17",2010-08-23,-0.547635366689513,-1,1,-2,7.79242142367571
"18",2010-10-06,1.08773132282385,2,3,5,17.3709977479683
"19",2010-12-13,1.82659355723098,4,2,6,21.6986194066386
"20",2011-05-17,4.42974640164496,-1,0,-2,36.9456574953491
"21",2011-05-26,5.20699108978753,1,1,-1,41.4980906687555
"22",2011-07-08,5.52775873886224,-1,-1,-3,43.376872613336
"23",2011-07-25,5.64701850582591,-1,0,-4,44.0753941055517
"24",2011-08-05,4.09115832762166,0,1,0,34.9624987760697
"25",2011-08-10,3.66895133653187,-1,0,-1,32.4895721139724
"26",2011-08-11,4.2145305003427,0,5,0,35.685107216293
"27",2011-08-13,4.2145305003427,0,1,4,35.685107216293
"28",2011-08-15,4.36120630568883,0,-1,0,36.5442083618917
"29",2011-08-17,4.70116518163126,-1,0,-2,38.5353960638402
"30",2011-08-18,4.28855380397533,-2,-1,-1,36.1186722804269
"31",2011-08-23,4.56134338588074,1,0,0,37.7164398315872
"32",2011-08-26,4.82727895819054,1,1,2,39.2740624694018
"33",2011-08-29,4.82727895819054,0,3,3,39.2740624694018
"34",2011-08-31,5.40164496230295,-1,0,-2,42.6382062077744
"35",2011-09-06,4.96435915010281,0,1,1,40.0769607363165
"36",2011-09-07,5.54146675805346,2,1,2,43.4571624400274
"37",2011-09-08,5.60863605209047,-2,-1,-2,43.8505825908156
"38",2011-09-12,5.16449623029472,0,0,-1,41.249192206012
"39",2011-09-14,4.93831391363948,0,2,0,39.9244100656027
"40",2011-09-16,5.37148732008225,0,2,1,42.4615685890532
"41",2011-09-23,4.39958875942427,-1,1,0,36.7690198766278
"42",2011-09-27,4.45030843043181,-2,0,-2,37.0660922353863
"43",2011-09-29,4.11309115832762,0,2,0,35.0909624987761
"44",2011-10-03,3.63742289239205,0,1,0,32.304905512582
"45",2011-10-04,3.39479095270733,0,-1,-1,30.883775580143
"46",2011-10-17,4.91363947909527,1,2,3,39.779888377558
"47",2011-10-18,4.79849211788897,-1,-2,-4,39.1054538333497
"48",2011-10-21,4.73269362577108,0,1,0,38.7200626652306
"49",2011-10-24,4.74228923920494,1,2,2,38.7762655439146
"50",2011-10-26,4.57230980123373,-1,-2,-2,37.7806716929404
"51",2011-10-27,4.84921178889651,2,-2,4,39.4025261921081
"52",2011-11-01,4.09801233721727,-2,0,-6,35.0026436894155
"53",2011-11-02,4.62577107607951,-1,0,0,38.0938020170371
"54",2011-11-04,4.81768334475668,-1,1,0,39.2178595907177
"55",2011-11-09,5.23851953392735,0,2,-1,41.6827572701459
"56",2011-11-10,4.96847155586018,-1,-1,0,40.1010476843239
"57",2011-11-11,5.1206305688828,-1,1,0,40.9922647605992
"58",2011-11-14,4.86566141192598,-1,-1,4,39.4988739841379
"59",2011-11-16,4.77518848526388,-1,-1,0,38.9689611279742
"60",2011-11-17,4.41055517477725,-3,-1,-4,36.833251737981
"61",2011-11-23,4.07882111034956,1,1,3,34.8902379320474
"62",2011-11-28,4.42837559972584,0,0,0,36.9376285126799
"63",2011-11-29,4.68471555860178,-2,-1,-7,38.4390482718104
"64",2011-11-30,4.68060315284441,-1,0,-1,38.414961323803
"65",2011-12-01,4.35298149417409,-3,-2,-2,36.4960344658768
"66",2011-12-05,4.53803975325566,-1,0,-4,37.5799471262117
"67",2011-12-06,4.53529814941741,-1,3,2,37.5638891608734
"68",2011-12-08,4.27073337902673,-1,-1,-5,36.014295505728
"69",2011-12-09,4.22686771761481,0,0,1,35.7573680603153
"70",2011-12-12,4.2145305003427,0,-1,1,35.685107216293
"71",2011-12-13,4.41055517477725,-1,1,-2,36.833251737981
"72",2011-12-14,3.92666209732694,0,-1,1,33.9990208557721
"73",2011-12-15,3.76216586703221,0,0,-1,33.0355429354744
"74",2011-12-16,3.69088416723783,-2,-1,1,32.6180358366788
"75",2011-12-20,4.21178889650446,0,-2,-1,35.6690492509547
"76",2011-12-21,4.23920493488691,0,0,0,35.8296289043376
"77",2011-12-22,4.37354352296093,-1,0,-6,36.616469205914
"78",2011-12-27,4.37354352296093,-2,-1,-12,36.616469205914
"79",2011-12-28,4.17614804660727,4,1,14,35.4602957015569
"80",2011-12-29,4.08704592186429,-3,-1,-7,34.9384118280623
"81",2011-12-30,4.25154215215901,0,0,0,35.9018897483599
"82",2012-01-04,4.97532556545579,-3,0,-4,40.1411925976696
"83",2012-01-05,5.00548320767649,-2,-1,-4,40.3178302163909
"84",2012-01-10,4.96572995202193,2,3,4,40.0849897189856
"85",2012-01-12,4.92049348869089,-2,1,-2,39.8200332909038
"86",2012-01-17,4.58875942426319,2,2,3,37.8770194849701
"87",2012-01-18,4.48732008224812,2,4,3,37.2828747674533
"88",2012-01-19,4.45030843043181,1,1,0,37.0660922353863
"89",2012-01-20,4.30774503084304,-2,3,-1,36.231078037795
"90",2012-01-23,4.43934201507882,-1,1,-1,37.0018603740331
"91",2012-01-24,4.29129540781357,2,4,4,36.1347302457652
"92",2012-01-26,4.38725154215216,0,1,2,36.6967590326055
"93",2012-01-30,4.54626456477039,0,1,2,37.6281210222266
"94",2012-01-31,4.54900616860864,-2,-2,-5,37.6441789875649
"95",2012-02-01,4.78204249485949,1,1,0,39.0091060413199
"96",2012-02-02,4.64496230294722,1,2,0,38.2062077744052
"97",2012-02-03,4.86429061000686,0,0,0,39.4908450014687
"98",2012-02-07,5.45373543522961,1,2,1,42.943307549202
"99",2012-02-09,5.66483893077451,1,2,6,44.1797708802507
"100",2012-02-10,5.62782727895819,-1,0,-2,43.9629883481837
"101",2012-02-14,5.65113091158328,-1,1,-3,44.0994810535592
"102",2012-02-15,5.9184372858122,-3,-1,-3,45.6651326740429
"103",2012-02-17,5.9787525702536,0,0,0,46.0184079114854
"104",2012-02-21,6.00068540095956,-2,0,-7,46.1468716341917
"105",2012-02-22,6.3050034270048,0,2,1,47.9293057867424
"106",2012-02-23,6.50514050719671,-1,1,-1,49.1015372564379
"107",2012-02-24,6.55448937628513,3,3,4,49.3905806325272
"108",2012-02-28,6.43522960932146,0,1,2,48.6920591403114
"109",2012-02-29,6.18985606579849,0,0,-2,47.254871242534
"110",2012-03-06,6.57368060315285,-2,1,-2,49.5029863898952
"111",2012-03-07,6.62028786840302,-1,2,-3,49.7759718006463
"112",2012-03-12,6.88074023303633,0,1,0,51.3014785077842
"113",2012-03-13,7,3,7,4,52
"114",2012-03-14,6.84098697738177,-1,1,-3,51.0686380103789
"115",2012-03-16,6.58190541466758,-3,0,-1,49.5511602859101
"116",2012-03-19,6.6737491432488,0,0,0,50.089102124743
"117",2012-03-20,6.48457847840987,1,2,6,48.9811025164007
"118",2012-03-21,6.41740918437286,-2,1,-1,48.5876823656125
"119",2012-03-23,6.59835503769705,1,3,4,49.6475080779399
"120",2012-03-28,6.48869088416724,3,0,1,49.0051894644081
"121",2012-03-29,6.32693625771076,0,1,-1,48.0577695094488
"122",2012-03-30,6.35161069225497,-4,-2,-5,48.2022911974934
"123",2012-04-02,6.49280328992461,0,0,-1,49.0292764124156
"124",2012-04-04,6.30089102124743,-3,0,-5,47.905218838735
"125",2012-04-05,6.37491432488006,0,1,0,48.3387839028689
"126",2012-04-06,6.37491432488006,0,1,-2,48.3387839028689
"127",2012-04-11,5.94037011651817,-1,-1,-3,45.7935963967493
"128",2012-04-12,5.96230294722413,1,3,3,45.9220601194556
"129",2012-04-13,5.96915695681974,-1,0,-3,45.9622050328013
"130",2012-04-17,5.52912954078136,-2,0,-3,43.3849015960051
"131",2012-04-19,5.47292666209733,1,2,4,43.0557133065701
"132",2012-04-24,5.57436600411241,1,2,1,43.649858024087
"133",2012-04-25,5.53461274845785,0,0,0,43.4170175266817
"134",2012-04-26,5.79232350925292,-2,-1,3,44.9264662684814
"135",2012-04-27,5.78821110349555,0,-1,0,44.9023793204739
"136",2012-04-30,5.70047978067169,-3,-4,-7,44.3885244296485
"137",2012-05-01,5.82522275531186,-1,-1,2,45.1191618525409
"138",2012-05-03,5.32350925291296,2,3,2,42.180554195633
"139",2012-05-04,4.74091843728581,-3,-3,-8,38.7682365612455
"140",2012-05-06,4.74091843728581,1,1,2,38.7682365612455
"141",2012-05-09,4.77244688142564,0,-3,-3,38.9529031626359
"142",2012-05-14,4.62165867032214,1,1,4,38.0697150690297
"143",2012-05-15,4.70527758738863,-2,0,-3,38.5594830118477
"144",2012-05-16,4.48594928032899,0,0,0,37.2748457847841
"145",2012-05-18,4.24331734064428,-1,-1,-2,35.8537158523451
"146",2012-05-24,4.1295407813571,0,1,0,35.1873102908058
"147",2012-05-29,4.17751884852639,1,2,3,35.468324684226
"148",2012-05-30,3.67032213845099,1,0,0,32.4976010966415
"149",2012-05-31,3.67169294037012,-1,4,-1,32.5056300793107
"150",2012-06-01,2.95476353666895,-1,-1,-2,28.3064721433467
"151",2012-06-03,2.95476353666895,0,0,0,28.3064721433467
"152",2012-06-04,2.83276216586703,-1,-1,-2,27.5918926857926
"153",2012-06-07,3.14941740918437,-3,-3,-5,29.4465876823656
"154",2012-06-08,2.80945853324195,0,0,0,27.4553999804171
"155",2012-06-12,2.67511994516792,-2,0,-2,26.6685596788407
"156",2012-06-13,2.77107607950651,-1,2,2,27.230588465681
"157",2012-06-19,2.47635366689513,0,2,-1,25.5043571918144
"158",2012-06-20,2.25154215215901,0,4,0,24.1876040340742
"159",2012-06-25,1.592186429061,0,1,1,20.3256633702144
"160",2012-06-26,1.7978067169294,0,3,4,21.5300107705865
"161",2012-06-27,2.05414667580535,-1,1,0,23.031430529717
"162",2012-06-29,2.34338588074023,0,1,2,24.7255458729071
"163",2012-07-03,3.12748457847841,-1,2,0,29.3181239596593
"164",2012-07-11,3.03701165181631,2,1,6,28.7882111034956
"165",2012-07-13,3.40438656614119,1,-1,4,30.939978458827
"166",2012-07-16,3.43043180260452,0,2,5,31.0925291295408
"167",2012-07-17,3.71967100753941,1,-1,-1,32.7866444727308
"168",2012-07-18,3.95407813570939,-2,0,-8,34.159600509155
"169",2012-07-20,4.0993831391364,0,0,0,35.0106726720846
"170",2012-07-23,3.67854694996573,-1,-3,-2,32.5457749926564
"171",2012-07-24,3.63193968471556,1,0,1,32.2727895819054
"172",2012-07-25,3.46470185058259,-1,0,-1,31.2932536962695
"173",2012-07-30,4.039067854695,1,3,-1,34.6573974346421
"174",2012-07-31,3.95544893762852,0,1,-4,34.1676294918242
"175",2012-08-07,4.84098697738177,0,-2,-2,39.3543522960932
"176",2012-08-08,4.98217957505141,2,3,9,40.1813375110154
"177",2012-08-10,4.94242631939685,-1,2,3,39.9484970136101
"178",2012-08-13,5.12748457847841,0,-2,-4,41.032409673945
"179",2012-08-16,5.35229609321453,-1,-1,5,42.3491628316851
"180",2012-08-20,5.26730637422892,2,1,4,41.851365906198
"181",2012-08-22,5.30431802604524,-3,0,-3,42.068148438265
"182",2012-08-27,5.02604523646333,1,2,0,40.4382649564281
"183",2012-08-28,4.87251542152159,1,2,7,39.5390188974836
"184",2012-08-29,4.86017820424949,0,1,0,39.4667580534613
"185",2012-08-30,4.82590815627142,0,-2,-1,39.2660334867326
"186",2012-08-31,5.05209047292666,-1,1,2,40.5908156271419
"187",2012-09-02,5.05209047292666,1,-3,2,40.5908156271419
"188",2012-09-04,5.19602467443455,-1,-1,-3,41.4338588074023
"189",2012-09-05,4.96847155586018,-1,0,2,40.1010476843239
"190",2012-09-06,5.13022618231666,0,3,3,41.0484676392833
"191",2012-09-11,5.17957505140507,0,0,-1,41.3375110153726
"192",2012-09-12,5.17957505140507,-5,-3,-12,41.3375110153726
"193",2012-09-13,5.33584647018506,1,3,0,42.2528150396553
"194",2012-09-17,5.43180260452365,2,3,2,42.8148438264956
"195",2012-09-18,4.96435915010281,3,6,0,40.0769607363165
"196",2012-09-19,4.30637422892392,-1,0,-4,36.2230490551258
"197",2012-09-25,4.61891706648389,-2,-1,-3,38.0536571036914
"198",2012-09-26,4.37491432488006,-2,-3,-4,36.6244981885832
"199",2012-09-28,4.69979437971213,-2,-1,1,38.5273670811711
"200",2012-10-02,4.854694996573,-1,0,-3,39.4346421227847
"201",2012-10-03,4.4201507882111,2,3,5,36.889454616665
"202",2012-10-05,4.81082933516107,1,3,0,39.177714677372
"203",2012-10-08,4.86977381768335,0,1,0,39.5229609321453
"204",2012-10-09,5.10555174777245,-3,2,-6,40.9039459512386
"205",2012-10-11,5.36052090472927,0,2,-1,42.3973367277
"206",2012-10-12,5.22206991089788,0,5,1,41.5864094781161
"207",2012-10-15,5.19876627827279,0,2,1,41.4499167727406
"208",2012-10-16,5.19876627827279,-1,2,0,41.4499167727406
"209",2012-10-17,4.99177518848526,0,4,4,40.2375403896994
"210",2012-10-18,4.8670322138451,2,3,6,39.506902966807
"211",2012-10-19,4.77244688142564,-1,-1,0,38.9529031626359
"212",2012-10-22,4.46127484578479,-4,-1,-5,37.1303240967395
"213",2012-10-23,4.17477724468814,1,-1,1,35.4522667188877
"214",2012-10-26,4.36257710760795,0,7,4,36.5522373445609
"215",2012-10-30,4.43111720356409,2,1,7,36.9536864780182
"216",2012-10-31,4.4982864976011,-1,0,-2,37.3471066288064
"217",2012-11-01,4.35435229609322,0,0,-3,36.504063448546
"218",2012-11-02,4.07333790267307,-4,-5,-5,34.8581220013708
"219",2012-11-03,4.07333790267307,0,0,-1,34.8581220013708
"220",2012-11-05,3.90884167237834,-3,1,3,33.8946440810731
"221",2012-11-06,4.41329677861549,4,4,16,36.8493097033193
"222",2012-11-07,4.26799177518848,-1,-1,0,35.9982375403897
"223",2012-11-09,4.32282385195339,0,3,10,36.3193968471556
"224",2012-11-10,4.32282385195339,-1,-1,-4,36.3193968471556
"225",2012-11-16,4.07607950651131,3,2,9,34.8741799667091
"226",2012-11-19,4.52159013022619,0,2,2,37.4835993341819
"227",2012-11-20,4.51473612063057,0,2,2,37.4434544208362
"228",2012-11-21,4.62440027416039,6,2,15,38.085773034368
"229",2012-11-26,4.53803975325566,1,-1,-3,37.5799471262117
"230",2012-11-27,4.42152159013023,1,0,5,36.8974835993342
"231",2012-11-28,4.2748457847841,-1,-1,-2,36.0383824537355
"232",2012-11-29,4.57779300891021,-6,-4,-7,37.812787623617
"233",2012-11-30,4.62851267991775,0,0,2,38.1098599823754
"234",2012-12-03,4.68745716244003,1,0,0,38.4551062371487
"235",2012-12-04,4.51199451679232,3,2,9,37.4273964554979
"236",2012-12-05,4.37080191912269,0,-1,1,36.6004112405757
"237",2012-12-06,4.24057573680603,1,1,2,35.8376578870068
"238",2012-12-12,4.53666895133653,1,1,3,37.5719181435425
"239",2012-12-19,4.50651130911583,-1,0,-2,37.3952805248213
"240",2012-12-28,4.52021932830706,3,4,12,37.4755703515128
"241",2013-01-03,4.92871830020562,-1,1,-4,39.8682071869186
"242",2013-01-04,4.8670322138451,0,2,4,39.506902966807
"243",2013-01-08,4.92871830020562,2,3,5,39.8682071869186
"244",2013-01-09,4.93420150788211,1,0,4,39.9003231175952
"245",2013-01-10,4.92049348869089,-1,0,-1,39.8200332909038
"246",2013-01-11,4.55448937628513,0,0,-2,37.6762949182415
"247",2013-01-14,4.69431117203564,0,-1,1,38.4952511504945
"248",2013-01-15,4.74914324880055,-1,-2,-5,38.8164104572603
"249",2013-01-17,4.65181631254284,2,0,4,38.2463526877509
"250",2013-01-18,4.74777244688143,3,2,4,38.8083814745912
"251",2013-01-22,4.88622344071282,-1,1,0,39.6193087241751
"252",2013-01-23,5.0178204249486,0,0,1,40.3900910604132
"253",2013-01-24,5.14256339958876,0,1,0,41.1207284833056
"254",2013-01-25,5.04523646333105,-4,-4,1,40.5506707137962
"255",2013-01-29,5.22892392049349,0,-1,-2,41.6265543914619
"256",2013-01-30,5.25633995887594,0,3,0,41.7871340448448
"257",2013-01-31,5.27416038382454,1,2,6,41.8915108195437
"258",2013-02-01,5.27416038382454,0,0,2,41.8915108195437
"259",2013-02-04,5.3440712816998,0,2,3,42.3009889356702
"260",2013-02-05,5.4770390678547,0,2,8,43.0798002545775
"261",2013-02-06,5.41946538725154,1,2,12,42.7425829824733
"262",2013-02-07,5.49623029472241,0,1,11,43.1922060119456
"263",2013-02-08,5.73337902673064,0,0,2,44.581220013708
"264",2013-02-11,5.64976010966416,0,0,3,44.0914520708901
"265",2013-02-12,5.59492803289925,1,5,0,43.7702927641242
"266",2013-02-13,5.66895133653187,0,3,2,44.2038578282581
"267",2013-02-14,5.67580534612749,1,1,6,44.2440027416039
"268",2013-02-15,5.52775873886224,-1,1,0,43.376872613336
"269",2013-02-18,5.52775873886224,-1,0,0,43.376872613336
"270",2013-02-19,5.47840986977382,2,2,4,43.0878292372467
"271",2013-02-20,5.36737491432488,1,1,15,42.4374816410457
"272",2013-02-21,5.08773132282385,2,0,8,40.7995691765397
"273",2013-02-22,5.02604523646333,2,3,0,40.4382649564281
"274",2013-02-24,5.02604523646333,2,0,13,40.4382649564281
"275",2013-02-25,5.13708019191227,2,-1,7,41.088612552629
"276",2013-02-26,4.91912268677176,1,0,2,39.8120043082346
"277",2013-02-27,4.82042494859493,0,2,11,39.233917556056
"278",2013-02-28,4.81494174091844,-1,1,-1,39.2018016253794
"279",2013-03-01,4.53255654557917,0,-1,-1,37.5478311955351
"280",2013-03-02,4.53255654557917,0,0,2,37.5478311955351
"281",2013-03-04,4.49965729952022,0,0,-4,37.3551356114756
"282",2013-03-11,4.32693625771076,0,2,5,36.343483795163
"283",2013-03-12,4.3050034270048,1,3,7,36.2150200724567
"284",2013-03-13,4.1720356408499,2,6,13,35.4362087535494
"285",2013-03-14,4.25291295407814,-4,-2,-3,35.9099187310291
"286",2013-03-17,4.25291295407814,-1,-2,-2,35.9099187310291
"287",2013-03-19,4.08978752570254,-2,-3,-6,34.9544697934006
"288",2013-03-20,4.27621658670322,4,5,14,36.0464114364046
"289",2013-03-21,4.0212474297464,-4,-4,-9,34.5530206599432
"290",2013-03-22,4.03495544893763,0,2,3,34.6333104866347
"291",2013-03-25,4.05551747772447,-2,-1,0,34.7537452266719
"292",2013-03-26,4.11583276216587,0,-1,-2,35.1070204641144
"293",2013-03-27,4.30911583276217,0,0,5,36.2391070204641
"294",2013-03-28,4.30226182316655,-1,-1,1,36.1989621071184
"295",2013-04-01,4.34338588074024,3,3,6,36.4398315871928
"296",2013-04-02,4.46675805346128,-1,0,2,37.1624400274161
"297",2013-04-03,4.2145305003427,-3,-2,-4,35.685107216293
"298",2013-04-04,3.84030157642221,4,3,7,33.4931949476158
"299",2013-04-09,3.70185058259082,0,0,3,32.6822676980319
"300",2013-04-10,3.80054832076765,2,2,7,33.2603544502105
"301",2013-04-14,3.80054832076765,1,1,5,33.2603544502105
"302",2013-04-16,2.85195339273475,0,2,4,27.7042984431607
"303",2013-04-17,2.70938999314599,0,0,2,26.8692842455694
"304",2013-04-18,2.79712131596984,3,6,6,27.3831391363948
"305",2013-04-22,3.01507882111035,-3,-1,-2,28.6597473807892
"306",2013-04-23,3.03975325565456,-8,-7,-16,28.8042690688338
"307",2013-04-24,3.23989033584647,1,1,3,29.9765005385293
"308",2013-04-25,3.36463331048664,0,0,1,30.7071379614217
"309",2013-04-26,3.47018505825908,-2,-1,-5,31.3253696269461
"310",2013-04-28,3.47018505825908,0,0,2,31.3253696269461
"311",2013-05-01,2.91501028101439,1,-1,3,28.0736316459415
"312",2013-05-02,3.18642906100069,-2,-2,-5,29.6633702144326
"313",2013-05-03,3.77313228238519,3,5,9,33.0997747968276
"314",2013-05-08,3.66209732693626,-6,-5,-9,32.4494272006267
"315",2013-05-09,3.63468128855381,1,-1,4,32.2888475472437
"316",2013-05-10,3.32213845099383,1,0,2,30.4582394986782
"317",2013-05-11,3.32213845099383,0,1,1,30.4582394986782
"318",2013-05-14,3.51267991775189,2,4,9,31.5742680896896
"319",2013-05-17,3.66758053461275,-4,-1,-8,32.4815431313033
"320",2013-05-19,3.66758053461275,-1,1,-1,32.4815431313033
"321",2013-05-24,3.31254283755997,2,3,1,30.4020366199941
"322",2013-05-25,3.31254283755997,-2,-2,-4,30.4020366199941
"323",2013-05-27,3.31254283755997,-1,-1,1,30.4020366199941
"324",2013-05-30,3.38793694311172,0,0,0,30.8436306667972
"325",2013-06-03,3.36600411240576,2,0,0,30.7151669440909
"326",2013-06-04,3.42220699108979,0,-1,0,31.0443552335259
"327",2013-06-05,3.62371487320083,0,1,3,32.2246156858905
"328",2013-06-10,3.67306374228924,1,2,0,32.5136590619798
"329",2013-06-11,3.34818368745716,4,5,12,30.610790169392
"330",2013-06-12,3.56888279643591,-5,1,-13,31.9034563791246
"331",2013-06-13,3.60589444825223,-1,0,0,32.1202389111916
"332",2013-06-14,3.84167237834133,-1,1,-1,33.5012239302849
"333",2013-06-15,3.84167237834133,-2,-3,-2,33.5012239302849
"334",2013-06-19,3.90472926662098,0,0,2,33.8705571330657
"335",2013-06-20,3.51542152159013,-1,0,1,31.5903260550279
"336",2013-06-24,3.11514736120631,0,-1,-2,29.2458631156369
"337",2013-06-25,3.34955448937629,0,3,2,30.6188191520611
"338",2013-06-27,3.51816312542837,0,0,2,31.6063840203662
"339",2013-07-01,3.5798492117889,-1,-1,-3,31.9676882404778
"340",2013-07-02,3.68540095956134,2,3,8,32.5859199060021
"341",2013-07-03,3.98149417409184,0,2,1,34.3201801625379
"342",2013-07-05,4.16518163125428,0,0,2,35.3960638402037
"343",2013-07-06,4.16518163125428,-2,-3,0,35.3960638402037
"344",2013-07-08,4.20493488690884,4,4,9,35.6289043376089
"345",2013-07-09,4.22549691569568,3,2,10,35.7493390776462
"346",2013-07-10,4.29814941740919,0,3,2,36.174875159111
"347",2013-07-13,4.29814941740919,-4,0,-3,36.174875159111
"348",2013-07-16,4.41603838245374,0,1,-1,36.8653676686576
"349",2013-07-17,4.4681288553804,1,3,6,37.1704690100852
"350",2013-07-18,4.47361206305689,1,1,5,37.2025849407618
"351",2013-07-19,4.42289239204935,-2,0,3,36.9055125820033
"352",2013-07-23,4.41329677861549,-5,-6,-9,36.8493097033193
"353",2013-07-24,4.27073337902673,-1,2,-4,36.014295505728
"354",2013-07-26,4.18026045236464,0,-1,-1,35.4843826495643
"355",2013-07-27,4.18026045236464,-2,-3,-4,35.4843826495643
"356",2013-07-31,4.22412611377656,0,3,-1,35.741310094977
"357",2013-08-02,4.46264564770391,4,3,9,37.1383530794086
"358",2013-08-07,4.2926662097327,4,1,5,36.1427592284344
"359",2013-08-08,4.14599040438657,2,0,12,35.2836580828356
"360",2013-08-11,4.14599040438657,0,1,0,35.2836580828356
"361",2013-08-12,4.41466758053461,2,1,7,36.8573386859885
"362",2013-08-13,4.60795065113091,-2,1,0,37.9894252423382
"363",2013-08-18,4.60795065113091,0,0,1,37.9894252423382
"364",2013-08-21,4.62577107607951,-3,-3,-1,38.0938020170371
"365",2013-08-22,4.58327621658671,0,0,2,37.8449035542936
"366",2013-08-28,5.37285812200137,0,3,2,42.4695975717223
"367",2013-08-29,5.46058944482522,0,1,0,42.9834524625477
"368",2013-08-30,5.33173406442769,-3,0,-8,42.2287280916479
"369",2013-08-31,5.33173406442769,-1,-2,-7,42.2287280916479
"370",2013-09-01,5.33173406442769,0,0,-2,42.2287280916479
"371",2013-09-02,5.33173406442769,-1,3,-3,42.2287280916479
"372",2013-09-03,5.2659355723098,-1,1,1,41.8433369235288
"373",2013-09-05,5.30980123372173,-4,0,-7,42.1002643689416
"374",2013-09-07,5.30980123372173,-4,-4,-7,42.1002643689416
"375",2013-09-09,5.22618231665524,1,2,1,41.6104964261236
"376",2013-09-11,4.83824537354353,0,2,2,39.3382943307549
"377",2013-09-12,4.9396847155586,-3,-1,-3,39.9324390482718
"378",2013-09-13,4.96710075394106,-1,1,-4,40.0930187016548
"379",2013-09-16,4.631254283756,3,1,12,38.1259179477137
"380",2013-09-20,4.54352296093215,0,7,-3,37.6120630568883
"381",2013-09-22,4.54352296093215,0,-1,1,37.6120630568883
"382",2013-09-23,4.31596984235778,1,1,4,36.2792519338099
"383",2013-09-24,4.19533927347499,2,2,5,35.5727014589249
"384",2013-09-25,4.43934201507882,-1,0,2,37.0018603740331
"385",2013-09-26,4.35709389993146,3,5,9,36.5201214138843
"386",2013-09-27,4.4379712131597,1,5,4,36.993831391364
"387",2013-09-30,4.21864290610007,-2,-1,0,35.7091941643004
"388",2013-10-01,4.14599040438657,1,2,0,35.2836580828356
"389",2013-10-02,4.38862234407128,0,-2,0,36.7047880152747
"390",2013-10-03,4.44345442083619,0,-2,-2,37.0259473220405
"391",2013-10-04,4.43385880740233,1,1,2,36.9697444433565
"392",2013-10-07,4.46675805346128,2,1,0,37.1624400274161
"393",2013-10-08,4.59013022618232,-1,-3,-7,37.8850484676393
"394",2013-10-11,4.60246744345442,3,2,11,37.9573093116616
"395",2013-10-14,4.53118574366004,3,4,6,37.539802212866
"396",2013-10-16,4.62165867032214,0,0,5,38.0697150690297
"397",2013-10-17,4.45167923235093,2,3,4,37.0741212180554
"398",2013-10-18,4.43111720356409,0,3,2,36.9536864780182
"399",2013-10-21,4.44071281699794,5,9,11,37.0098893567022
"400",2013-10-22,4.45442083618917,1,4,3,37.0901791833937
"401",2013-10-23,4.20356408498972,0,1,3,35.6208753549398
"402",2013-10-24,4.0514050719671,5,3,26,34.7296582786645
"403",2013-10-28,4.27895819054147,-1,-3,-7,36.0624694017429
"404",2013-10-29,4.2446881425634,2,2,6,35.8617448350142
"405",2013-10-31,4.17477724468814,1,1,2,35.4522667188877
"406",2013-11-07,3.56477039067855,2,6,10,31.8793694311172
"407",2013-11-11,3.93214530500343,-1,5,3,34.0311367864487
"408",2013-11-14,4.27895819054147,-2,-1,-1,36.0624694017429
"409",2013-11-17,4.27895819054147,-1,-3,0,36.0624694017429
"410",2013-11-19,4.27895819054147,2,1,0,36.0624694017429
"411",2013-11-20,4.27621658670322,1,0,5,36.0464114364046
"412",2013-11-23,4.27621658670322,-2,1,-1,36.0464114364046
"413",2013-11-24,4.27621658670322,-3,7,3,36.0464114364046
"414",2013-11-25,4.62714187799863,-1,5,6,38.1018309997063
"415",2013-11-26,4.79300891021248,0,3,-4,39.0733379026731
"416",2013-11-27,4.69431117203564,-4,8,-10,38.4952511504945
"417",2013-12-02,4.71761480466073,-1,-1,0,38.63174385587
"418",2013-12-03,4.93283070596299,0,0,0,39.8922941349261
"419",2013-12-04,4.96161754626457,0,-1,4,40.0609027709782
"420",2013-12-05,4.79712131596984,2,0,-1,39.0974248506805
"421",2013-12-06,4.71898560657985,-2,0,0,38.6397728385391
"422",2013-12-10,4.36394790952707,-1,3,4,36.56026632723
"423",2013-12-12,4.37491432488006,1,0,2,36.6244981885832
"424",2013-12-14,4.37491432488006,1,-1,4,36.6244981885832
"425",2013-12-15,4.37491432488006,-3,0,-2,36.6244981885832
"426",2013-12-19,4.62028786840302,1,2,2,38.0616860863605
"427",2013-12-20,4.80808773132283,-1,3,-2,39.1616567120337
"428",2013-12-26,4.73954763536669,1,1,0,38.7602075785763
"429",2013-12-27,4.79575051405072,-3,-2,-5,39.0893958680114
"430",2013-12-28,4.79575051405072,2,6,14,39.0893958680114
"431",2013-12-29,4.79575051405072,-1,0,0,39.0893958680114
"432",2013-12-30,4.57779300891021,-4,1,-10,37.812787623617
"433",2014-01-01,4.57779300891021,-4,-1,-7,37.812787623617
"434",2014-01-03,4.04318026045237,-1,-1,0,34.6814843826496
"435",2014-01-06,4.06237148732008,-4,-4,-5,34.7938901400176
"436",2014-01-07,4.10349554489376,1,4,0,35.034759620092
"437",2014-01-08,4.1596984235778,-1,-2,-5,35.3639479095271
"438",2014-01-15,4.25154215215901,-1,0,2,35.9018897483599
"439",2014-01-16,4.16518163125428,0,1,0,35.3960638402037
"440",2014-01-17,4.30089102124743,0,0,4,36.1909331244492
"441",2014-01-18,4.30089102124743,4,4,11,36.1909331244492
"442",2014-01-20,4.24057573680603,0,-1,-2,35.8376578870068
"443",2014-01-25,4.24057573680603,-2,0,1,35.8376578870068
"444",2014-01-26,4.24057573680603,0,2,2,35.8376578870068
"445",2014-01-28,4.3899931459904,1,6,11,36.7128169979438
"446",2014-01-29,4.35298149417409,-3,-2,-2,36.4960344658768
"447",2014-01-30,4.4256339958876,-3,-2,-1,36.9215705473416
"448",2014-01-31,4.26113776559287,0,0,0,35.958092627044
"449",2014-02-03,4.04043865661412,-3,-3,-3,34.6654264173113
"450",2014-02-05,4.07607950651131,-2,-2,-4,34.8741799667091
"451",2014-02-12,4.32419465387252,0,3,0,36.3274258298247
"452",2014-02-13,4.37354352296093,-3,-3,0,36.616469205914
"453",2014-02-14,4.32556545579164,2,1,10,36.3354548124939
"454",2014-02-17,4.32556545579164,0,3,0,36.3354548124939
"455",2014-02-24,4.4804660726525,2,3,2,37.2427298541075
"456",2014-02-26,4.42974640164496,2,3,4,36.9456574953491
"457",2014-03-03,4.68608636052091,-4,1,-7,38.4470772544796
"458",2014-03-04,4.39958875942427,0,0,1,36.7690198766278
"459",2014-03-12,4.22275531185744,1,-1,-1,35.7332811123078
"460",2014-03-17,4.10075394105552,0,1,1,35.0187016547537
"461",2014-03-22,4.10075394105552,1,-1,1,35.0187016547537
"462",2014-03-26,3.95133653187115,-1,0,0,34.1435425438167
"463",2014-03-28,4.05277587388622,0,1,1,34.7376872613336
"464",2014-04-01,3.92392049348869,0,1,0,33.9829628904338
"465",2014-04-09,4.15558601782043,1,4,3,35.3398609615196
"466",2014-04-10,4.11583276216587,3,5,11,35.1070204641144
"467",2014-04-15,4.3899931459904,1,0,0,36.7128169979438
"468",2014-04-18,4.3899931459904,1,1,3,36.7128169979438
"469",2014-04-21,4.47087045921865,6,5,17,37.1865269754235
"470",2014-04-22,4.31322823851954,-5,-3,-11,36.2631939684716
"471",2014-05-02,4.44208361891707,1,0,3,37.0179183393714
"472",2014-05-03,4.44208361891707,-3,-1,-3,37.0179183393714
"473",2014-05-07,4.262508567512,0,0,-3,35.9661216097131
"474",2014-05-08,4.26525017135024,-3,-3,-7,35.9821795750514
"475",2014-05-10,4.26525017135024,0,0,-3,35.9821795750514
"476",2014-05-13,4.34612748457848,2,4,5,36.4558895525311
"477",2014-05-19,4.62851267991775,-1,3,2,38.1098599823754
"478",2014-05-20,4.56134338588074,1,5,1,37.7164398315872
"479",2014-05-23,4.53941055517478,0,-4,-5,37.5879761088809
"480",2014-05-27,4.48732008224812,-1,0,0,37.2828747674533
"481",2014-05-30,4.40507196710075,-3,-2,-3,36.8011358073044
"482",2014-06-02,4.42289239204935,1,3,3,36.9055125820033
"483",2014-06-03,4.35846470185058,-2,1,-3,36.5281503965534
"484",2014-06-04,4.38588074023304,0,1,0,36.6887300499364
"485",2014-06-10,4.40095956134339,-3,-3,-7,36.777048859297
"486",2014-06-11,4.49006168608636,-2,-3,-6,37.2989327327916
"487",2014-06-12,4.8122001370802,-4,-2,-5,39.1857436600411
"488",2014-06-13,4.9451679232351,-1,-1,-3,39.9645549789484
"489",2014-06-14,4.9451679232351,-3,-3,-1,39.9645549789484
"490",2014-06-16,4.98217957505141,0,-1,-3,40.1813375110154
"491",2014-06-17,5.06442769019877,0,1,6,40.6630764711642
"492",2014-06-19,5.22481151473612,0,-1,-1,41.6024674434544
"493",2014-06-23,5.00959561343386,-1,1,-1,40.3419171643983
"494",2014-06-26,4.87114461960247,0,2,1,39.5309899148145
"495",2014-06-30,4.65455791638109,0,1,3,38.2624106530892
"496",2014-07-01,4.62851267991775,4,3,3,38.1098599823754
"497",2014-07-02,4.53803975325566,1,2,0,37.5799471262117
"498",2014-07-03,4.37354352296093,2,1,5,36.616469205914
"499",2014-07-04,4.37354352296093,-3,-2,-2,36.616469205914
"500",2014-07-08,4.19122686771762,2,2,3,35.5486145109175
"501",2014-07-10,3.99246058944483,1,2,2,34.3844120238911
"502",2014-07-11,3.93351610692255,-4,-3,-4,34.0391657691178
"503",2014-07-14,3.79095270733379,-3,-2,-5,33.2041515715265
"504",2014-07-15,3.79095270733379,-1,0,4,33.2041515715265
"505",2014-07-16,3.88416723783413,3,3,9,33.7501223930285
"506",2014-07-17,3.97052775873886,3,4,10,34.2559483011848
"507",2014-07-18,3.96915695681974,5,2,14,34.2479193185156
"508",2014-07-21,3.92529129540781,4,3,9,33.9909918731029
"509",2014-07-22,4.03084304318026,6,5,16,34.6092235386272
"510",2014-07-24,3.93488690884167,0,0,-2,34.0471947517869
"511",2014-07-25,4.08704592186429,1,6,6,34.9384118280623
"512",2014-07-28,4.06100068540096,-5,-5,-12,34.7858611573485
"513",2014-07-30,4.02947224126114,0,-1,-3,34.6011945559581
"514",2014-07-31,3.81973954763537,2,2,7,33.3727602075786
"515",2014-08-01,3.61549006168609,-7,-6,-13,32.1764417898756
"516",2014-08-04,3.64016449623029,-4,-2,-12,32.3209634779203
"517",2014-08-05,3.52912954078136,0,0,0,31.6706158817194
"518",2014-08-08,3.60315284441398,-3,-2,-8,32.1041809458533
"519",2014-08-12,3.37285812200137,2,3,7,30.7553118574366
"520",2014-08-20,3.13159698423578,1,3,5,29.3422109076667
"521",2014-08-25,3.20973269362577,0,-1,2,29.7998629198081
"522",2014-08-26,3.2111034955449,2,1,10,29.8078919024772
"523",2014-08-27,3.19739547635367,2,3,10,29.7276020757858
"524",2014-08-28,3.23989033584647,0,1,2,29.9765005385293
"525",2014-08-31,3.23989033584647,2,4,6,29.9765005385293
"526",2014-09-02,3.17135023989034,0,1,0,29.575051405072
"527",2014-09-04,3.3084304318026,1,0,9,30.3779496719867
"528",2014-09-09,2.8793694311172,-1,-2,3,27.8648780965436
"529",2014-09-10,2.62988348183688,3,2,3,26.4036032507588
"530",2014-09-16,2.78478409869774,1,2,0,27.3108782923725
"531",2014-09-17,2.82727895819054,-1,2,2,27.559776755116
"532",2014-09-19,2.69705277587389,3,2,9,26.7970234015471
"533",2014-09-21,2.69705277587389,0,0,-3,26.7970234015471
"534",2014-09-22,2.50788211103496,-2,-3,-7,25.6890237932047
"535",2014-09-23,2.43934201507882,3,2,5,25.2875746597474
"536",2014-09-26,2.4681288553804,3,3,0,25.4561832957995
"537",2014-10-01,2.39821795750514,3,7,10,25.046705179673
"538",2014-10-07,1.89513365318712,1,1,0,22.100068540096
"539",2014-10-08,1.80603152844414,0,-2,0,21.5781846666014
"540",2014-10-09,1.83618917066484,0,-1,0,21.7548222853226
"541",2014-10-11,1.83618917066484,-1,-1,-1,21.7548222853226
"542",2014-10-13,1.47292666209733,1,2,6,19.6271418779986
"543",2014-10-14,1.27278958190541,0,-1,1,18.4549104083031
"544",2014-10-15,0.952021932830706,1,2,4,16.5761284637227
"545",2014-10-17,1.12337217272104,0,1,2,17.5797512973661
"546",2014-10-20,1.00685400959562,3,3,12,16.8972877704886
"547",2014-10-21,1.10966415352982,2,2,8,17.4994614706746
"548",2014-10-22,1.27553118574366,5,3,14,18.4709683736414
"549",2014-10-24,1.223440712817,0,-1,-1,18.1658670322138
"550",2014-10-27,1.17409184372858,3,2,4,17.8768236561246
"551",2014-10-28,1.16449623029472,-3,0,-5,17.8206207774405
"552",2014-10-29,1.34818368745716,2,1,4,18.8965044551062
"553",2014-10-30,1.15490061686086,0,-1,4,17.7644178987565
"554",2014-10-31,0.972583961617548,2,1,7,16.6965632037599
"555",2014-11-02,0.972583961617548,4,6,9,16.6965632037599
"556",2014-11-03,1.0726525017135,2,1,3,17.2826789386077
"557",2014-11-06,0.686086360520905,0,1,0,15.0185058259082
"558",2014-11-08,0.686086360520905,-2,0,-4,15.0185058259082
"559",2014-11-09,0.686086360520905,1,1,1,15.0185058259082
"560",2014-11-11,0.529814941740918,2,2,8,14.1032018016254
"561",2014-11-12,0.45853324194654,1,5,6,13.6856947028297
"562",2014-11-13,0.0911583276216579,3,3,3,11.5339273474983
"563",2014-11-14,0.0596298834818381,0,2,0,11.3492607461079
"564",2014-11-17,-0.0294722412611375,-1,-1,-2,10.8273768726133
"565",2014-11-18,0.0212474297464018,-4,-1,-4,11.1244492313718
"566",2014-11-19,0.0185058259081563,0,1,0,11.1083912660335
"567",2014-11-20,0.0733379026730638,2,1,4,11.4295505727994
"568",2014-11-24,0.348869088416725,-1,2,-2,13.043376089298
"569",2014-11-25,0.0747087045921875,3,2,3,11.4375795554685
"570",2014-11-26,0.043180260452365,0,0,3,11.2529129540781
"571",2014-12-01,-0.850582590815626,-3,-1,-5,6.01801625379419
"572",2014-12-04,-1.17820424948595,1,1,0,4.09908939586801
"573",2014-12-08,-1.56751199451679,0,1,1,1.81885831783022
"574",2014-12-10,-1.88553803975325,0,1,0,-0.0438656614119211
"575",2014-12-11,-1.84030157642221,-2,-2,-5,0.221090766669938
"576",2014-12-15,-2.19122686771761,0,1,0,-1.83432879663173
"577",2014-12-19,-2.49554489376285,0,0,2,-3.61676294918241
"578",2014-12-30,-2.94379712131597,0,-3,-2,-6.24224028199353
"579",2015-01-05,-3.56339958875942,2,3,4,-9.87134044844805
"580",2015-01-06,-3.6949965729952,1,4,4,-10.6421227846862
"581",2015-01-08,-3.78958190541467,2,2,1,-11.1961225888573
"582",2015-01-09,-4.03495544893763,1,0,0,-12.6333104866347
"583",2015-01-12,-4.13639479095271,0,0,-1,-13.2274552041516
"584",2015-01-14,-4.28444139821796,0,2,0,-14.0945853324195
"585",2015-01-16,-4.07059629883482,1,2,0,-12.8420640360325
"586",2015-01-19,-4.07059629883482,0,1,0,-12.8420640360325
"587",2015-01-20,-4.19259766963674,2,3,6,-13.5566434935866
"588",2015-01-21,-4.19122686771761,-4,-1,-8,-13.5486145109175
"589",2015-01-23,-4.16518163125428,-1,-1,-2,-13.3960638402037
"590",2015-01-26,-4.25017135023989,3,1,2,-13.8938607656908
"591",2015-01-28,-4.11309115832762,4,3,7,-13.0909624987761
"592",2015-01-29,-4.17614804660727,-2,2,-2,-13.4602957015568
"593",2015-02-01,-4.17614804660727,1,1,6,-13.4602957015568
"594",2015-02-03,-3.10692254969157,-1,1,-7,-7.19768921962205
"595",2015-02-04,-3.01644962302947,4,1,6,-6.66777636345833
"596",2015-02-09,-2.75188485263879,2,2,0,-5.11818270831293
"597",2015-02-10,-2.91775188485264,3,3,3,-6.08968961127974
"598",2015-02-13,-2.29540781357094,0,1,3,-2.44453147948693
"599",2015-02-15,-2.29540781357094,-1,-1,0,-2.44453147948693
"600",2015-02-18,-2.24194653872515,2,2,2,-2.13140115539019
"601",2015-02-19,-2.50788211103495,-2,-2,-2,-3.68902379320474
"602",2015-02-20,-2.20493488690884,3,4,8,-1.91461862332321
"603",2015-02-22,-2.20493488690884,4,2,6,-1.91461862332321
"604",2015-02-23,-2.37080191912269,-2,-1,-2,-2.88612552629002
"605",2015-03-09,-2.5229609321453,1,6,11,-3.77734260256535
"606",2015-03-12,-2.79849211788896,-2,0,-2,-5.39116811906394
"607",2015-03-18,-3.3564084989719,1,1,1,-8.65896406540683
"608",2015-03-25,-3.13845099383139,-1,-1,-1,-7.38235582101243
"609",2015-03-26,-2.74914324880055,-2,4,-1,-5.10212474297463
"610",2015-03-27,-2.82864976010966,0,2,0,-5.56780573778518
"611",2015-03-31,-3.2056202878684,0,1,-2,-7.77577597180064
"612",2015-04-01,-2.92597669636737,-1,2,-9,-6.13786350729462
"613",2015-04-02,-2.92597669636737,-1,1,-1,-6.13786350729462
"614",2015-04-03,-2.92597669636737,0,1,-3,-6.13786350729462
"615",2015-04-06,-2.92597669636737,5,10,7,-6.13786350729462
"616",2015-04-09,-2.88348183687457,1,2,4,-5.88896504455106
"617",2015-04-10,-2.776559287183,1,0,2,-5.26270439635758
"618",2015-04-15,-2.43385880740233,0,1,3,-3.25545872907079
"619",2015-04-16,-2.32282385195339,2,0,4,-2.60511113286986
"620",2015-04-17,-2.16106922549692,0,1,5,-1.6576911779105
"621",2015-04-20,-2.17614804660726,3,5,9,-1.74600998727112
"622",2015-04-21,-2.32419465387251,0,0,0,-2.61314011553901
"623",2015-04-22,-2.32419465387251,2,4,8,-2.61314011553901
"624",2015-04-23,-1.97601096641535,1,3,2,-0.57377851757564
"625",2015-04-24,-1.93488690884167,0,5,0,-0.332909037501217
"626",2015-04-29,-1.79643591501028,4,1,13,0.478018212082642
"627",2015-04-30,-1.80603152844414,3,3,11,0.421815333398619
"628",2015-05-01,-1.77450308430432,0,3,6,0.606481934788995
"629",2015-05-03,-1.77450308430432,-2,-4,-1,0.606481934788995
"630",2015-05-04,-1.70733379026731,4,4,15,0.999902085577208
"631",2015-05-05,-1.59492803289925,0,1,0,1.65827866444727
"632",2015-05-11,-1.95407813570939,-1,2,3,-0.445314794869279
"633",2015-05-12,-1.64290610006854,-1,-2,-4,1.37726427102713
"634",2015-05-13,-1.47292666209733,1,2,3,2.37285812200138
"635",2015-05-14,-1.57573680603153,0,0,3,1.77068442181533
"636",2015-05-15,-1.69773817683345,-3,-2,-5,1.05610496426123
"637",2015-05-17,-1.69773817683345,-3,-1,-6,1.05610496426123
"638",2015-05-18,-1.6346812885538,-3,-2,-2,1.42543816704201
"639",2015-05-19,-1.86360520904729,1,0,2,0.0845980612944324
"640",2015-05-20,-1.8581220013708,1,0,3,0.116713991971029
"641",2015-05-21,-1.69636737491432,1,6,3,1.06413394693039
"642",2015-05-26,-2.11446196024674,-1,1,0,-1.38470576715949
"643",2015-05-28,-2.32419465387251,0,4,2,-2.61314011553901
"644",2015-05-30,-2.32419465387251,-4,-2,-3,-2.61314011553901
"645",2015-05-31,-2.32419465387251,-5,-1,-3,-2.61314011553901
"646",2015-06-01,-1.94722412611378,-6,-3,-10,-0.405169881523541
"647",2015-06-03,-1.95956134338588,-1,1,-2,-0.477430725545872
"648",2015-06-04,-2.29403701165182,5,3,11,-2.43650249681778
"649",2015-06-05,-2.29129540781357,-1,-1,-4,-2.42044453147949
"650",2015-06-06,-2.29129540781357,-1,2,-3,-2.42044453147949
"651",2015-06-12,-1.90335846470185,3,3,9,-0.148242436110841
"652",2015-06-16,-2.23783413296779,0,0,0,-2.10731420738275
"653",2015-06-19,-2.42152159013023,-3,-6,-6,-3.18319788504846
"654",2015-06-20,-2.42152159013023,0,-1,-1,-3.18319788504846
"655",2015-06-27,-2.42152159013023,-1,-2,-6,-3.18319788504846
"656",2015-06-28,-2.42152159013023,1,0,2,-3.18319788504846
"657",2015-06-29,-2.47361206305689,0,2,1,-3.48829922647606
"658",2015-07-01,-2.11446196024674,1,1,3,-1.38470576715949
"659",2015-07-02,-2.10349554489376,-3,-1,-7,-1.32047390580632
"660",2015-07-07,-3.06442769019877,-1,0,0,-6.94879075687848
"661",2015-07-08,-2.93008910212474,0,2,5,-6.16195045530206
"662",2015-07-09,-2.63810829335161,1,2,3,-4.45177714677372
"663",2015-07-10,-2.65318711446196,-2,-1,-4,-4.54009595613434
"664",2015-07-11,-2.65318711446196,7,7,20,-4.54009595613434
"665",2015-07-16,-2.70938999314599,-3,-1,-9,-4.86928424556937
"666",2015-07-17,-2.8368745716244,1,2,-1,-5.61597963380006
"667",2015-07-22,-2.83961617546264,1,1,3,-5.63203759913835
"668",2015-07-25,-2.83961617546264,0,-1,0,-5.63203759913835
"669",2015-07-26,-2.83961617546264,-1,-2,3,-5.63203759913835
"670",2015-07-27,-3.15352981494174,1,2,2,-7.47067463037305
"671",2015-07-28,-3.12200137080192,-1,1,-3,-7.28600802898267
"672",2015-07-30,-3.12337217272104,2,3,3,-7.29403701165181
"673",2015-08-03,-3.78135709389993,1,0,0,-11.1479486928425
"674",2015-08-06,-4.01302261823167,0,2,3,-12.5048467639283
"675",2015-08-09,-4.01302261823167,1,3,7,-12.5048467639283
"676",2015-08-10,-3.94448252227553,-2,1,-5,-12.103397630471
"677",2015-08-11,-4.07745030843043,-1,-2,-5,-12.8822089493782
"678",2015-08-19,-4.29403701165182,1,2,3,-14.1507882111035
"679",2015-08-22,-4.29403701165182,-4,-2,-10,-14.1507882111035
"680",2015-08-31,-4.29403701165182,3,3,5,-14.1507882111035
"681",2015-09-02,-4.03084304318026,-1,0,-3,-12.6092235386272
"682",2015-09-03,-3.65524331734064,-1,0,-1,-10.4092822872809
"683",2015-09-05,-3.65524331734064,0,1,2,-10.4092822872809
"684",2015-09-06,-3.65524331734064,-3,-1,-7,-10.4092822872809
"685",2015-09-07,-4.2021932830706,-4,2,-6,-13.6128463722706
"686",2015-09-08,-3.86497601096641,-1,3,-3,-11.6377166356604
"687",2015-09-09,-3.98012337217272,-2,-1,0,-12.3121511798688
"688",2015-09-11,-4.14050719671008,0,1,0,-13.251542152159
"689",2015-09-14,-4.27758738862234,0,4,7,-14.0544404190737
"690",2015-09-18,-4.08430431802604,0,1,0,-12.922353862724
"691",2015-09-22,-4.16518163125428,-1,2,-2,-13.3960638402037
"692",2015-09-24,-4.11446196024674,-2,0,-4,-13.0989914814452
"693",2015-09-28,-4.25428375599726,0,2,-2,-13.9179477136982
"694",2015-10-01,-4.05688827964359,-1,-1,-3,-12.761774209341
"695",2015-10-02,-4.184372858122,2,1,9,-13.5084695975717
"696",2015-10-07,-3.48389307745031,1,1,4,-9.40565945363752
"697",2015-10-08,-3.41946538725154,4,3,13,-9.0282972681876
"698",2015-10-09,-3.42631939684716,1,1,6,-9.06844218153334
"699",2015-10-10,-3.42631939684716,1,1,3,-9.06844218153334
"700",2015-10-13,-3.85675119945168,-1,5,-3,-11.5895427396455
"701",2015-10-18,-3.85675119945168,-3,-3,-9,-11.5895427396455
"702",2015-10-19,-4.05277587388622,-3,0,1,-12.7376872613336
"703",2015-10-21,-4.16106922549692,2,2,3,-13.3719768921962
"704",2015-10-28,-4.04043865661412,0,1,1,-12.6654264173113
"705",2015-10-31,-4.04043865661412,-1,1,2,-12.6654264173113
"706",2015-11-02,-3.99794379712132,-1,1,4,-12.4165279545677
"707",2015-11-13,-4.81082933516107,1,3,4,-17.177714677372
"708",2015-11-15,-4.81082933516107,1,0,0,-17.177714677372
"709",2015-11-16,-5.04386566141193,-1,-1,1,-18.542641731127
"710",2015-11-20,-4.74091843728581,1,3,0,-16.7682365612455
"711",2015-11-26,-4.59561343385881,1,3,6,-15.9171643983159
"712",2015-12-03,-4.80808773132282,-1,1,-4,-17.1616567120337
"713",2015-12-07,-5.12474297464016,-1,0,2,-19.0163517086067
"714",2015-12-08,-5.15901302261823,0,2,0,-19.2170762753354
"715",2015-12-09,-5.21384509938314,-2,-2,-5,-19.5382355821012
"716",2015-12-12,-5.21384509938314,2,0,-1,-19.5382355821012
"717",2015-12-14,-5.56065798492118,1,0,13,-21.5695681973955
"718",2015-12-15,-5.40301576422207,5,3,6,-20.6462351904436
"719",2015-12-18,-5.52638793694311,-1,-1,-1,-21.3688436306668
"720",2015-12-23,-5.65935572309801,-1,-1,-4,-22.1476549495741
"721",2015-12-24,-5.46333104866347,0,2,1,-20.999510427886
"722",2015-12-26,-5.46333104866347,-1,-2,-7,-20.999510427886
"723",2015-12-29,-5.51405071967101,1,2,4,-21.2965827866445
"724",2015-12-30,-5.67854694996573,-3,-3,0,-22.2600607069421
"725",2016-01-01,-5.67854694996573,0,1,0,-22.2600607069421
"726",2016-01-02,-5.67854694996573,-2,3,1,-22.2600607069421
"727",2016-01-03,-5.67854694996573,0,2,0,-22.2600607069421
"728",2016-01-04,-5.592186429061,1,2,5,-21.7542347987859
"729",2016-01-07,-5.96367374914325,-1,-2,-1,-23.9300891021247
"730",2016-01-08,-6.22412611377656,0,1,1,-25.4555958092627
"731",2016-01-13,-6.64770390678547,-2,3,-3,-27.9365514540292
"732",2016-01-14,-6.61206305688828,-1,-3,-11,-27.7277979046314
"733",2016-01-17,-6.61206305688828,1,2,4,-27.7277979046314
"734",2016-01-19,-6.81494174091844,-2,4,3,-28.9160873396651
"735",2016-01-20,-7,-1,-1,0,-30
"736",2016-01-23,-7,-1,0,2,-30
"737",2016-01-25,-6.47772446881426,0,1,1,-26.9409576030549
"738",2016-01-30,-6.47772446881426,1,3,8,-26.9409576030549
"739",2016-02-02,-6.31871144619602,0,0,0,-26.0095956134339
"740",2016-02-05,-6.13091158327622,1,2,0,-24.9096249877607
"741",2016-02-11,-6.61480466072653,-2,0,-3,-27.7438558699697
"742",2016-02-13,-6.61480466072653,1,3,3,-27.7438558699697
"743",2016-02-15,-6.61480466072653,0,0,0,-27.7438558699697
"744",2016-02-22,-5.960932145305,5,3,13,-23.9140311367864
"745",2016-02-23,-6.19259766963674,1,2,7,-25.2709292078723
"746",2016-02-24,-6.24742974640164,0,0,4,-25.5920885146382
"747",2016-02-26,-5.66346812885538,0,0,2,-22.1717418975815
"748",2016-02-28,-5.66346812885538,-1,2,-1,-22.1717418975815
"749",2016-03-03,-5.6648389307745,1,1,3,-22.1797708802507
"750",2016-03-04,-5.40986977381768,1,2,1,-20.6863801037893
"751",2016-03-05,-5.40986977381768,1,2,1,-20.6863801037893
"752",2016-03-12,-5.40986977381768,0,1,-1,-20.6863801037893
"753",2016-03-14,-5.34818368745716,1,2,6,-20.3250758836777
"754",2016-03-15,-5.42631939684716,1,2,2,-20.7827278958191
"755",2016-03-19,-5.42631939684716,-1,0,-2,-20.7827278958191
"756",2016-03-24,-5.31117203564085,-1,0,-1,-20.1082933516107
"757",2016-03-28,-5.31117203564085,0,2,6,-20.1082933516107
"758",2016-03-31,-5.52775873886223,1,1,3,-21.3768726133359
"759",2016-04-06,-5.38793694311172,0,1,3,-20.5579163810829
"760",2016-04-20,-4.65867032213845,2,0,7,-16.2864976010966
"761",2016-04-23,-4.65867032213845,1,0,2,-16.2864976010966
"762",2016-04-25,-4.67511994516792,0,0,2,-16.3828453931264
"763",2016-04-26,-4.54215215901302,1,0,2,-15.6040340742191
"764",2016-04-27,-4.5106237148732,0,0,2,-15.4193674728287
"765",2016-04-30,-4.5106237148732,2,0,0,-15.4193674728287
"766",2016-05-05,-4.4804660726525,-1,-2,-1,-15.2427298541075
"767",2016-05-06,-4.45167923235092,-4,-1,-2,-15.0741212180554
"768",2016-05-07,-4.45167923235092,-5,0,-10,-15.0741212180554
"769",2016-05-10,-4.53255654557916,0,1,0,-15.5478311955351
"770",2016-05-11,-4.24880054832077,-16,-2,5,-13.8858317830216
"771",2016-05-16,-3.9184372858122,-2,-3,-7,-11.9508469597572
"772",2016-05-17,-3.8882796435915,0,4,3,-11.7742093410359
"773",2016-05-21,-3.8882796435915,-3,-3,-2,-11.7742093410359
"774",2016-05-25,-3.86634681288554,-5,0,-4,-11.6457456183296
"775",2016-05-26,-3.77724468814256,-2,-2,0,-11.123861744835
"776",2016-05-29,-3.77724468814256,4,0,11,-11.123861744835
"777",2016-06-03,-3.91706648389308,0,3,4,-11.942817977088
"778",2016-06-07,-3.74434544208362,1,2,7,-10.9311661607755
"779",2016-06-10,-3.75257025359835,-1,2,-1,-10.9793400567904
"780",2016-06-11,-3.75257025359835,-2,1,-3,-10.9793400567904
"781",2016-06-13,-3.79917751884853,-2,1,-4,-11.2523254675414
"782",2016-06-16,-4.30637422892392,0,0,0,-14.2230490551258
"783",2016-06-18,-4.30637422892392,2,0,2,-14.2230490551258
"784",2016-06-27,-4.38725154215216,-2,1,-2,-14.6967590326055
"785",2016-07-02,-4.38725154215216,-3,-3,-4,-14.6967590326055
"786",2016-07-04,-3.98286497601097,0,2,3,-12.3282091452071
"787",2016-07-05,-4.30911583276217,0,2,0,-14.2391070204641
"788",2016-07-06,-4.30089102124743,1,1,7,-14.1909331244492
"789",2016-07-12,-4.16106922549692,0,-2,-3,-13.3719768921962
"790",2016-07-16,-4.16106922549692,1,4,3,-13.3719768921962
"791",2016-07-17,-4.16106922549692,-7,0,-8,-13.3719768921962
"792",2016-07-18,-4.34886908841672,2,5,7,-14.4719475178694
"793",2016-07-20,-4.28444139821796,2,1,8,-14.0945853324195
"794",2016-07-25,-4.56682659355723,1,-1,-2,-15.7485557622638
"795",2016-07-26,-4.59424263193968,-1,-2,-3,-15.9091354156467
"796",2016-07-27,-4.70116518163125,-3,-1,-3,-16.5353960638402
"797",2016-07-28,-4.82590815627142,1,-1,1,-17.2660334867326
"798",2016-07-29,-4.97806716929404,-2,-2,-3,-18.1572505630079
"799",2016-07-30,-4.97806716929404,2,-1,7,-18.1572505630079
"800",2016-07-31,-4.97806716929404,-1,0,-3,-18.1572505630079
"801",2016-08-03,-5.02056202878684,-2,-1,-5,-18.4061490257515
"802",2016-08-04,-4.89993145990404,0,2,1,-17.6995985508665
"803",2016-08-05,-4.74366004112406,-5,0,-3,-16.7842945265838
"804",2016-08-08,-4.63810829335161,0,1,-4,-16.1660628610594
"805",2016-08-16,-3.9485949280329,0,-3,1,-12.1274845784784
"806",2016-08-27,-3.9485949280329,2,4,9,-12.1274845784784
"807",2016-08-31,-3.99383139136395,1,5,8,-12.3924410065603
"808",2016-09-04,-3.99383139136395,-2,0,0,-12.3924410065603
"809",2016-09-10,-3.99383139136395,-2,-2,3,-12.3924410065603
"810",2016-09-15,-4.28307059629883,-3,-1,-2,-14.0865563497503
"811",2016-09-18,-4.28307059629883,-1,-1,0,-14.0865563497503
"812",2016-09-25,-4.28307059629883,1,2,0,-14.0865563497503
"813",2016-09-27,-4.40370116518163,0,3,-2,-14.7931068246353
"814",2016-10-02,-4.40370116518163,1,1,3,-14.7931068246353
"815",2016-10-05,-3.77039067854695,1,2,0,-11.0837168314893
"816",2016-10-12,-3.77587388622344,0,0,-1,-11.1158327621659
"817",2016-10-13,-3.80877313228239,1,1,2,-11.3085283462254
"818",2016-10-17,-3.80603152844414,-1,-1,0,-11.2924703808871
"819",2016-10-19,-3.45784784098698,0,1,1,-9.25310878292372
"820",2016-10-20,-3.65387251542152,-1,-1,4,-10.4012533046118
"821",2016-10-23,-3.65387251542152,2,3,2,-10.4012533046118
"822",2016-10-25,-3.83755997258396,-1,0,-3,-11.4771369822775
"823",2016-10-29,-3.83755997258396,0,0,0,-11.4771369822775
"824",2016-10-30,-3.83755997258396,2,1,8,-11.4771369822775
"825",2016-10-31,-4.23235092529129,1,1,9,-13.7894839909919
"826",2016-11-04,-4.66278272789582,-1,-2,-5,-16.3105845491041
"827",2016-11-16,-4.38725154215216,-1,-3,-2,-14.6967590326055
"828",2016-11-19,-4.38725154215216,2,2,1,-14.6967590326055
"829",2016-11-22,-4.24605894448252,0,1,0,-13.8697738176833
"830",2016-12-01,-3.3989033584647,0,1,3,-8.90786252815039
"831",2016-12-04,-3.3989033584647,0,-3,-3,-8.90786252815039
"832",2016-12-06,-3.39479095270733,0,1,1,-8.88377558014295
"833",2016-12-10,-3.39479095270733,2,2,6,-8.88377558014295
"834",2016-12-28,-3.03289924605894,1,0,-1,-6.7641241554881
"835",2017-01-01,-3.03289924605894,2,4,7,-6.7641241554881
"836",2017-01-06,-2.90267306374229,0,-1,1,-6.00137080191912
"837",2017-01-08,-2.90267306374229,0,4,0,-6.00137080191912
"838",2017-01-15,-2.90267306374229,-2,-3,-3,-6.00137080191912
"839",2017-01-18,-3.19465387251542,2,5,6,-7.71154411044747
"840",2017-01-19,-3.27553118574366,2,1,8,-8.18525408792715
"841",2017-01-24,-3.06716929403701,0,2,0,-6.96484872221678
"842",2017-01-27,-3.05346127484578,-1,0,-1,-6.88455889552531
"843",2017-01-28,-3.05346127484578,-2,-1,-4,-6.88455889552531
"844",2017-01-29,-3.05346127484578,-1,-1,-5,-6.88455889552531
"845",2017-02-02,-2.8971898560658,0,2,-5,-5.96925487124253
"846",2017-02-03,-2.89993145990404,-3,2,-4,-5.98531283658082
"847",2017-02-07,-3.19191226867718,-6,-2,-22,-7.69548614510918
"848",2017-02-12,-3.19191226867718,-1,-1,-1,-7.69548614510918
"849",2017-02-17,-3.09732693625771,0,3,1,-7.14148634093802
"850",2017-02-23,-2.91363947909527,0,2,1,-6.0656026632723
"851",2017-03-03,-3.14667580534613,1,3,0,-7.43052971702732
"852",2017-03-04,-3.14667580534613,-3,-2,-6,-7.43052971702732
"853",2017-03-06,-3.06305688827964,1,2,4,-6.94076177420934
"854",2017-03-15,-3.62508567511994,1,2,8,-10.2326446685597
"855",2017-03-16,-3.6346812885538,0,2,5,-10.2888475472437
"856",2017-03-30,-3.40301576422207,1,-1,4,-8.93194947615784
"857",2017-04-02,-3.40301576422207,1,1,3,-8.93194947615784
"858",2017-04-03,-3.43180260452365,2,8,8,-9.10055811220993
"859",2017-04-22,-3.43180260452365,1,5,4,-9.10055811220993
"860",2017-04-25,-3.7978067169294,0,2,4,-11.2442964848722
"861",2017-04-29,-3.7978067169294,0,1,4,-11.2442964848722
"862",2017-05-01,-3.65524331734064,-2,0,-8,-10.4092822872809
"863",2017-05-07,-3.65524331734064,2,3,7,-10.4092822872809
"864",2017-05-20,-3.65524331734064,0,2,3,-10.4092822872809
"865",2017-05-23,-3.27416038382454,0,2,4,-8.177225105258
"866",2017-05-24,-3.26045236463331,1,0,5,-8.09693527856653
"867",2017-05-26,-3.59629883481837,-1,-1,-5,-10.0640360325076
"868",2017-05-27,-3.59629883481837,0,4,0,-10.0640360325076
"869",2017-05-29,-3.40301576422207,1,1,2,-8.93194947615784
"870",2017-06-06,-3.97052775873886,-1,3,2,-12.2559483011848
"871",2017-06-11,-3.97052775873886,-3,-2,-5,-12.2559483011848
"872",2017-06-16,-4.30089102124743,1,3,3,-14.1909331244492
"873",2017-06-19,-4.26936257710761,0,3,0,-14.0062665230588
"874",2017-06-22,-4.47087045921864,0,2,-1,-15.1865269754235
"875",2017-06-29,-4.11994516792323,-1,-1,-5,-13.1311074121218
"876",2017-07-03,-3.83070596298835,1,2,4,-11.4369920689317
"877",2017-07-04,-3.8279643591501,0,-2,1,-11.4209341035935
"878",2017-07-07,-4.19533927347498,0,3,3,-13.5727014589249
"879",2017-07-09,-4.19533927347498,0,4,1,-13.5727014589249
"880",2017-07-12,-4.15969842357779,-1,-1,-3,-13.3639479095271
"881",2017-07-16,-4.15969842357779,0,1,3,-13.3639479095271
"882",2017-07-22,-4.15969842357779,-3,-4,-7,-13.3639479095271
"883",2017-07-27,-3.61960246744345,3,7,14,-10.2005287378831
"884",2017-07-29,-3.61960246744345,2,-2,3,-10.2005287378831
"885",2017-08-05,-3.61960246744345,0,3,3,-10.2005287378831
"886",2017-08-06,-3.61960246744345,2,3,7,-10.2005287378831
"887",2017-08-07,-3.51679232350925,0,3,2,-9.59835503769705
"888",2017-08-17,-3.66072652501713,-5,-3,-2,-10.4413982179575
"889",2017-08-18,-3.5798492117889,-1,-2,-2,-9.96768824047782
"890",2017-08-22,-3.39753255654558,5,7,7,-8.89983354548125
"891",2017-08-25,-3.45510623714873,0,1,0,-9.23705081758543
"892",2017-09-05,-3.21384509938314,1,3,0,-7.82394986781552
"893",2017-09-06,-3.09732693625771,0,0,2,-7.14148634093802
"894",2017-09-07,-3.14119259766964,-2,-1,-1,-7.39841378635073
"895",2017-09-17,-3.14119259766964,-1,-1,-3,-7.39841378635073
"896",2017-09-18,-2.9575051405072,1,3,5,-6.32253010868501
"897",2017-09-20,-2.72446881425634,3,7,13,-4.95760305492998
"898",2017-09-23,-2.72446881425634,1,2,1,-4.95760305492998
"899",2017-09-26,-2.37217272104181,-1,0,-1,-2.89415450895916
"900",2017-09-29,-2.74914324880055,0,0,0,-5.10212474297463
"901",2017-10-02,-2.93420150788211,0,0,-3,-6.18603740330951
"902",2017-10-03,-2.87251542152159,1,3,-1,-5.82473318319788
"903",2017-10-04,-2.88896504455106,2,4,13,-5.92108097522765
"904",2017-10-05,-2.73954763536669,1,1,0,-5.04592186429061
"905",2017-10-08,-2.73954763536669,1,4,1,-5.04592186429061
"906",2017-10-11,-2.87114461960247,0,0,3,-5.81670420052873
"907",2017-10-12,-2.87114461960247,-4,-4,-8,-5.81670420052873
"908",2017-10-13,-2.77107607950651,-2,4,0,-5.23058846568099
"909",2017-10-14,-2.77107607950651,1,0,0,-5.23058846568099
"910",2017-10-16,-2.68471555860178,-1,2,-3,-4.72476255752472
"911",2017-10-18,-2.60795065113091,-2,2,-4,-4.27513952805248
"912",2017-10-19,-2.63947909527073,1,0,2,-4.45980612944286
"913",2017-10-20,-2.62988348183687,2,-1,8,-4.40360325075883
"914",2017-10-24,-2.63673749143249,1,2,1,-4.44374816410457
"915",2017-10-25,-2.553118574366,0,2,2,-3.95398022128659
"916",2017-10-31,-2.15558601782042,0,0,0,-1.62557524723391
"917",2017-11-01,-2.20630568882796,-1,0,-2,-1.92264760599236
"918",2017-11-03,-2.14599040438657,1,2,3,-1.56937236854989
"919",2017-11-04,-2.14599040438657,0,3,5,-1.56937236854989
"920",2017-11-06,-1.7553118574366,1,3,5,0.71888769215705
"921",2017-11-08,-1.7978067169294,3,13,11,0.469989229413503
"922",2017-11-09,-1.7251542152159,1,4,3,0.895525310878281
"923",2017-11-11,-1.7251542152159,1,1,0,0.895525310878281
"924",2017-11-16,-2.17888965044551,2,0,3,-1.76206795260941
"925",2017-11-17,-2.15695681973955,1,0,2,-1.63360422990306
"926",2017-11-23,-1.89239204934887,0,3,0,-0.0840105747576523
"927",2017-11-24,-1.84989718985607,-5,-7,-8,0.164887887985905
"928",2017-11-29,-1.8279643591501,-1,1,-1,0.293351610692266
"929",2017-11-30,-1.85675119945168,2,6,7,0.124742974640167
"930",2017-12-02,-1.85675119945168,0,3,1,0.124742974640167
"931",2017-12-07,-2.01576422206991,2,-1,7,-0.8066190149809
"932",2017-12-09,-2.01576422206991,1,3,8,-0.8066190149809
"933",2017-12-19,-1.83481836874572,4,2,6,0.253206697346513
"934",2017-12-22,-1.70870459218643,1,2,3,0.991873102908052
"935",2017-12-27,-1.51405071967101,1,1,0,2.13198864192696
"936",2017-12-28,-1.40849897189856,-1,0,4,2.75022030745129
"937",2017-12-30,-1.40849897189856,-3,4,4,2.75022030745129
"938",2017-12-31,-1.40849897189856,-2,2,7,2.75022030745129
"939",2018-01-01,-1.40849897189856,-1,2,3,2.75022030745129
"940",2018-01-02,-1.4290610006854,-5,2,4,2.62978556741409
"941",2018-01-03,-1.26456477039068,-3,-5,1,3.59326348771175
"942",2018-01-04,-1.14393420150788,0,0,2,4.29981396259669
"943",2018-01-07,-1.14393420150788,-2,0,4,4.29981396259669
"944",2018-01-10,-0.998629198080875,2,5,6,5.1508861255263
"945",2018-01-12,-1.01919122686772,-1,-3,0,5.03045138548909
"946",2018-02-05,-1.28649760109664,-4,-1,-8,3.46479976500539
"947",2018-02-08,-1.75668265935572,2,6,11,0.710858709487912
"948",2018-02-09,-1.92392049348869,0,1,2,-0.268677176148035
"949",2018-02-12,-2.039067854695,0,3,3,-0.943111720356402
"950",2018-02-13,-2.07470870459219,0,3,5,-1.15186526975424
"951",2018-02-17,-2.07470870459219,1,-1,-1,-1.15186526975424
"952",2018-02-18,-2.07470870459219,0,2,2,-1.15186526975424
"953",2018-02-21,-1.68128855380397,5,6,12,1.15245275629101
"954",2018-02-22,-1.5017135023989,-3,-2,-1,2.20424948594928
"955",2018-02-28,-1.50719671007539,1,2,9,2.17213355527269
"956",2018-03-02,-1.75668265935572,4,3,9,0.710858709487912
"957",2018-03-07,-1.64290610006854,0,3,2,1.37726427102713
"958",2018-03-08,-1.81014393420151,7,12,12,0.397728385391169
"959",2018-03-09,-1.62919808087731,1,3,9,1.45755409771859
"960",2018-03-12,-1.71967100753941,0,1,1,0.927641241554884
"961",2018-03-14,-1.8457847840987,0,0,1,0.188974835993342
"962",2018-03-16,-1.69910897875257,0,-3,-1,1.04807598159209
"963",2018-03-21,-1.223440712817,1,2,5,3.83413296778616
"964",2018-03-23,-1.1028101439342,-4,-1,-4,4.54068344267111
"965",2018-03-28,-1.22618231665524,1,5,6,3.81807500244786
"966",2018-04-02,-1.22618231665524,1,1,0,3.81807500244786
"967",2018-04-03,-1.10418094585332,-5,-6,-9,4.53265446000196
"968",2018-04-04,-1.51267991775188,-3,-3,-11,2.14001762459612
"969",2018-04-08,-1.51267991775188,-4,1,-1,2.14001762459612
"970",2018-04-11,-0.594242631939686,2,-1,-5,7.5194360129247
"971",2018-04-17,-0.735435229609322,0,3,0,6.69245079800255
"972",2018-04-18,-0.458533241946538,0,3,8,8.31430529717028
"973",2018-04-20,-0.336531871144619,2,13,18,9.02888475472438
"974",2018-04-24,-0.166552433173407,2,6,9,10.0244786056986
"975",2018-04-25,-0.450308430431801,0,5,5,8.36247919318517
"976",2018-04-27,-0.239204934886908,3,5,15,9.59894252423383
"977",2018-04-28,-0.239204934886908,0,2,4,9.59894252423383
"978",2018-05-01,-0.305003427004798,3,2,7,9.21355135611476
"979",2018-05-02,-0.539410555174777,-4,-3,-5,7.84059531969059
"980",2018-05-03,-0.496915695681973,0,5,6,8.08949378243415
"981",2018-05-04,-0.318711446196025,-1,1,3,9.13326152942329
"982",2018-05-07,-0.318711446196025,-3,1,-7,9.13326152942329
"983",2018-05-08,-0.399588759424263,-2,3,-3,8.6595515519436
"984",2018-05-09,0.0719671007539411,2,6,10,11.4215215901302
"985",2018-05-10,0.0705962988348201,-3,0,-9,11.4134926074611
"986",2018-05-11,0.0404386566141204,0,-3,-5,11.2368549887398
"987",2018-05-12,0.0404386566141204,-1,0,2,11.2368549887398
"988",2018-05-13,0.0404386566141204,-1,0,-3,11.2368549887398
"989",2018-05-14,0.150102810143935,-4,-1,-6,11.8791736022716
"990",2018-05-16,0.152844413982179,-2,-1,0,11.8952315676099
"991",2018-05-17,0.413296778615491,-4,-4,-10,13.4207382747479
"992",2018-05-18,0.178889650445511,5,7,11,12.0477822383237
"993",2018-05-24,0.250171350239892,2,6,3,12.4652893371194
"994",2018-05-25,-0.0651130911583273,9,15,15,10.6186233232155
"995",2018-05-26,-0.0651130911583273,0,3,6,10.6186233232155
"996",2018-05-28,-0.0651130911583273,1,0,10,10.6186233232155
"997",2018-05-30,-0.162440027416038,-1,4,-1,10.0485655537061
"998",2018-06-01,-0.347498286497599,0,2,0,8.9646528933712
"999",2018-06-02,-0.347498286497599,-1,-2,-1,8.9646528933712
"1000",2018-06-07,-0.252912954078135,-2,7,-5,9.51865269754235
"1001",2018-06-08,-0.269362577107608,-3,-1,-7,9.42230490551258
"1002",2018-06-09,-0.269362577107608,1,5,6,9.42230490551258
"1003",2018-06-10,-0.269362577107608,-2,3,3,9.42230490551258
"1004",2018-06-12,-0.303632625085675,4,9,16,9.2215803387839
"1005",2018-06-13,-0.274845784784099,-6,1,3,9.39018897483599
"1006",2018-06-17,-0.274845784784099,-3,1,1,9.39018897483599
"1007",2018-06-18,-0.302261823166551,-1,1,-6,9.22960932145305
"1008",2018-06-20,-0.387251542152159,1,3,4,8.73181239596592
"1009",2018-06-21,-0.576422206991089,1,3,3,7.62381278762363
"1010",2018-06-22,-0.466758053461273,0,2,4,8.2661314011554
"1011",2018-06-23,-0.466758053461273,-1,0,-2,8.2661314011554
"1012",2018-06-25,-0.583276216586704,-3,-2,-6,7.58366787427788
"1013",2018-06-26,-0.479095270733379,2,1,-8,8.19387055713306
"1014",2018-06-27,-0.135023989033583,0,1,15,10.209145207089
"1015",2018-06-30,-0.135023989033583,-1,2,2,10.209145207089
"1016",2018-07-02,-0.0500342700479788,2,5,5,10.7069421325761
"1017",2018-07-03,-0.165181631254283,1,4,11,10.0325075883678
"1018",2018-07-04,-0.0116518163125434,0,1,3,10.9317536473122
"1019",2018-07-08,-0.0116518163125434,1,5,3,10.9317536473122
"1020",2018-07-09,0.000685400959561377,2,3,12,11.0040144913346
"1021",2018-07-11,-0.236463331048664,2,4,8,9.61500048957212
"1022",2018-07-12,-0.680603152844414,1,1,2,7.01361010476843
"1023",2018-07-15,-0.680603152844414,-1,2,4,7.01361010476843
"1024",2018-07-18,-0.898560657984921,1,2,6,5.73700186037403
"1025",2018-07-19,-0.7039067854695,-8,0,-8,6.87711739939293
"1026",2018-07-20,-0.697052775873887,-2,0,-5,6.91726231273866
"1027",2018-07-23,-0.496915695681973,-4,-6,-15,8.08949378243415
"1028",2018-07-24,-0.485949280328992,-2,-2,-3,8.15372564378733
"1029",2018-07-25,-0.466758053461273,2,1,10,8.2661314011554
"1030",2018-07-26,-0.351610692254968,0,5,9,8.94056594536376
"1031",2018-07-31,-0.399588759424263,0,1,0,8.6595515519436
"1032",2018-08-02,-0.565455791638107,5,8,19,7.68804464897681
"1033",2018-08-04,-0.565455791638107,0,-1,-2,7.68804464897681
"1034",2018-08-05,-0.565455791638107,-6,-5,-10,7.68804464897681
"1035",2018-08-06,-0.625771076079506,0,1,-1,7.33476941153432
"1036",2018-08-07,-0.65318711446196,0,3,2,7.17418975815138
"1037",2018-08-08,-0.872515421521591,6,6,18,5.88955253108782
"1038",2018-08-10,-0.832762165867032,2,6,9,6.1223930284931
"1039",2018-08-13,-0.884852638793694,3,8,13,5.81729168706551
"1040",2018-08-14,-0.864290610006854,-4,1,-2,5.93772642710271
"1041",2018-08-16,-1.07813570938999,-2,0,-1,4.68520513071575
"1042",2018-08-17,-0.950651130911583,0,-1,2,5.43190051894644
"1043",2018-08-18,-0.950651130911583,0,0,3,5.43190051894644
"1044",2018-08-19,-0.950651130911583,-6,-3,-14,5.43190051894644
"1045",2018-08-20,-0.817683344756682,2,7,11,6.21071183785372
"1046",2018-08-21,-0.743660041124056,0,2,1,6.64427690198767
"1047",2018-08-24,-0.365318711446196,3,3,6,8.86027611867228
"1048",2018-08-29,-0.137765592871831,4,10,6,10.1930872417507
"1049",2018-09-01,-0.137765592871831,2,-1,-1,10.1930872417507
"1050",2018-09-03,0.100753941055518,-4,2,-4,11.5901302261823
"1051",2018-09-04,0.0596298834818381,1,5,-6,11.3492607461079
"1052",2018-09-05,-0.0541466758053453,-5,-2,-2,10.6828551845687
"1053",2018-09-06,-0.192597669636736,0,1,0,9.87192793498483
"1054",2018-09-07,-0.209047292666209,-4,4,0,9.77558014295506
"1055",2018-09-09,-0.209047292666209,1,2,6,9.77558014295506
"1056",2018-09-10,-0.0418094585332422,-4,-3,0,10.755116028591
"1057",2018-09-11,0.156956819739548,2,3,4,11.9193185156174
"1058",2018-09-13,0.0801919122686776,-4,-8,-5,11.4696954861451
"1059",2018-09-15,0.0801919122686776,2,0,0,11.4696954861451
"1060",2018-09-17,0.156956819739548,-1,-1,5,11.9193185156174
"1061",2018-09-18,0.298149417409185,-3,0,-2,12.7463037305395
"1062",2018-09-20,0.267991775188486,5,11,13,12.5696661118183
"1063",2018-09-21,0.250171350239892,1,3,-2,12.4652893371194
"1064",2018-09-25,0.703906785469499,1,2,2,15.1228826006071
"1065",2018-09-29,0.703906785469499,-2,0,-4,15.1228826006071
"1066",2018-10-04,1.23303632625086,-2,-3,-1,18.2220699108979
"1067",2018-10-07,1.23303632625086,1,4,5,18.2220699108979
"1068",2018-10-08,0.97943797121316,0,3,0,16.7367081171057
"1069",2018-10-10,0.924605894448252,-1,0,-2,16.4155488103398
"1070",2018-10-14,0.924605894448252,-1,3,0,16.4155488103398
"1071",2018-10-15,0.525702535983551,-1,3,-2,14.0791148536179
"1072",2018-10-16,0.47361206305689,-10,-5,-15,13.7740135121904
"1073",2018-10-17,0.388622344071282,0,1,6,13.2762165867032
"1074",2018-10-18,0.442083618917067,0,6,7,13.5893469108
"1075",2018-10-19,0.453050034270047,0,0,1,13.6535787721531
"1076",2018-10-25,0.0308430431802611,0,-1,-5,11.1806521100558
"1077",2018-10-27,0.0308430431802611,-1,0,6,11.1806521100558
"1078",2018-10-30,-0.191226867717614,0,1,3,9.87995691765398
"1079",2018-10-31,-0.306374228923919,-4,-2,-10,9.20552237344562
"1080",2018-11-01,-0.798492117888965,0,1,0,6.32311759522177
"1081",2018-11-03,-0.798492117888965,1,-2,6,6.32311759522177
"1082",2018-11-05,-0.60246744345442,0,1,1,7.47126211690983
"1083",2018-11-06,-0.882111034955448,0,-1,0,5.8333496524038
"1084",2018-11-09,-1.10555174777245,-5,-6,-7,4.52462547733281
"1085",2018-11-10,-1.10555174777245,2,-1,0,4.52462547733281
"1086",2018-11-11,-1.10555174777245,6,4,20,4.52462547733281
"1087",2018-11-12,-0.995887594242632,0,-1,-11,5.16694409086459
"1088",2018-11-13,-1.59355723098012,0,4,0,1.66630764711642
"1089",2018-11-16,-1.61549006168608,4,4,10,1.53784392441008
"1090",2018-11-17,-1.61549006168608,7,3,16,1.53784392441008
"1091",2018-11-20,-2.13502398903359,3,6,6,-1.50514050719671
"1092",2018-11-21,-2.11446196024674,-3,-6,12,-1.38470576715949
"1093",2018-11-22,-2.18848526387937,0,1,1,-1.81827083129345
"1094",2018-11-25,-2.18848526387937,1,2,23,-1.81827083129345
"1095",2018-11-28,-2.61891706648389,9,7,21,-4.33937138940566
"1096",2018-11-29,-2.57505140507197,1,2,4,-4.08244394399295
"1097",2018-12-01,-2.57505140507197,1,2,5,-4.08244394399295
"1098",2018-12-03,-2.3173406442769,2,12,10,-2.57299520219328
"1099",2018-12-04,-2.17340644276902,5,10,11,-1.72995202193283
"1100",2018-12-05,-2.14873200822481,4,5,4,-1.58543033388817
"1101",2018-12-07,-2.10623714873201,1,7,14,-1.33653187114461
"1102",2018-12-11,-2.3776559287183,0,0,-1,-2.92627043963575
"1103",2018-12-12,-2.34886908841672,0,1,0,-2.75766180358367
"1104",2018-12-14,-2.53803975325565,1,2,8,-3.86566141192598
"1105",2018-12-16,-2.53803975325565,0,1,-1,-3.86566141192598
"1106",2018-12-18,-2.99040438656614,-6,-1,-8,-6.51522569274454
"1107",2018-12-19,-2.94379712131597,0,4,6,-6.24224028199353
"1108",2018-12-20,-3.32213845099383,-5,-1,-12,-8.45823949867815
"1109",2018-12-22,-3.32213845099383,3,-1,6,-8.45823949867815
"1110",2018-12-23,-3.32213845099383,2,6,3,-8.45823949867815
"1111",2018-12-24,-3.32213845099383,3,11,16,-8.45823949867815
"1112",2018-12-26,-3.32213845099383,3,3,5,-8.45823949867815
"1113",2018-12-27,-3.50719671007539,0,-1,3,-9.54215215901302
"1114",2018-12-28,-3.63331048663468,2,1,12,-10.2808185645746
"1115",2018-12-31,-3.63331048663468,-4,-2,-5,-10.2808185645746
"1116",2019-01-01,-3.63331048663468,2,3,9,-10.2808185645746
"1117",2019-01-06,-3.63331048663468,-7,-3,-4,-10.2808185645746
"1118",2019-01-08,-2.7642220699109,8,5,22,-5.19044355233526
"1119",2019-01-10,-2.27621658670322,0,2,7,-2.33212572211886
"1120",2019-01-11,-2.44482522275531,1,4,3,-3.31969059042396
"1121",2019-01-12,-2.44482522275531,-4,-1,-1,-3.31969059042396
"1122",2019-01-13,-2.44482522275531,-1,0,-3,-3.31969059042396
"1123",2019-01-14,-2.50514050719671,-1,4,5,-3.67296582786645
"1124",2019-01-20,-2.50514050719671,3,9,11,-3.67296582786645
"1125",2019-01-22,-2.21727210418094,2,0,4,-1.98687946734553
"1126",2019-01-23,-2.19671007539411,0,2,3,-1.86644472730833
"1127",2019-01-24,-2.19122686771761,0,1,-3,-1.83432879663173
"1128",2019-01-28,-2.38039753255654,2,5,5,-2.94232840497404
"1129",2019-01-29,-2.20630568882796,-1,-1,-9,-1.92264760599236
"1130",2019-01-30,-2.0815627141878,-5,1,-10,-1.19201018309997
"1131",2019-01-31,-2.00342700479781,-5,-4,-5,-0.734358170958576
"1132",2019-02-01,-2.08567511994517,2,0,4,-1.21609713110741
"1133",2019-02-03,-2.08567511994517,2,2,-2,-1.21609713110741
"1134",2019-02-04,-2.03084304318026,2,6,7,-0.894937824341518
"1135",2019-02-05,-2.1117203564085,0,1,0,-1.3686478018212
"1136",2019-02-08,-2.15284441398218,2,5,3,-1.60951728189562
"1137",2019-02-09,-2.15284441398218,1,8,8,-1.60951728189562
"1138",2019-02-10,-2.15284441398218,-3,0,-6,-1.60951728189562
"1139",2019-02-11,-2.16244002741604,-3,-3,-5,-1.66572016057966
"1140",2019-02-13,-1.89239204934887,-1,3,8,-0.0840105747576523
"1141",2019-02-24,-1.89239204934887,3,3,7,-0.0840105747576523
"1142",2019-02-25,-1.78958190541467,1,1,2,0.518163125428373
"1143",2019-02-27,-1.5798492117889,-2,0,-7,1.7465974738079
"1144",2019-03-01,-1.83207676490747,0,4,9,0.269264662684822
"1145",2019-03-04,-1.73200822481151,1,3,-1,0.85538039753256
"1146",2019-03-05,-1.75942426319397,3,0,10,0.694800744149607
"1147",2019-03-06,-1.72241261137765,-5,-2,-11,0.911583276216593
"1148",2019-03-14,-1.49348869088417,1,5,3,2.25242338196417
"1149",2019-03-15,-1.50308430431803,-5,-1,-3,2.19622050328013
"1150",2019-03-22,-1.47840986977382,0,0,-3,2.34074219132479
"1151",2019-03-27,-1.33310486634681,3,4,5,3.19181435425438
"1152",2019-03-28,-1.50719671007539,-5,2,6,2.17213355527269
"1153",2019-03-29,-1.2535983550377,2,-1,8,3.65749534906492
"1154",2019-03-30,-1.2535983550377,3,-1,1,3.65749534906492
"1155",2019-04-02,-1.01370801919123,4,2,10,5.06256731616568
"1156",2019-04-04,-0.997258396161754,2,5,12,5.15891510819544
"1157",2019-04-06,-0.997258396161754,0,1,0,5.15891510819544
"1158",2019-04-09,-0.830020562028787,0,-2,-1,6.13845099383139
"1159",2019-04-11,-0.791638108293351,0,-1,-2,6.36326250856752
"1160",2019-04-13,-0.791638108293351,4,8,9,6.36326250856752
"1161",2019-04-16,-0.868403015764223,-1,2,5,5.91363947909527
"1162",2019-04-17,-0.813570938999314,0,1,-2,6.23479878586116
"1163",2019-04-19,-0.813570938999314,-1,-3,-7,6.23479878586116
"1164",2019-04-22,-0.872515421521591,-2,2,-2,5.88955253108782
"1165",2019-04-23,-0.368060315284441,-4,0,-4,8.84421815333399
"1166",2019-04-25,-0.292666209732694,0,1,0,9.28581220013707
"1167",2019-04-26,-0.828649760109664,-2,1,-2,6.14647997650054
"1168",2019-04-29,-0.802604523646332,0,-1,4,6.29903064721434
"1169",2019-04-30,-0.669636737491433,2,0,4,7.0778419661216
"1170",2019-05-01,-0.69431117203564,3,0,4,6.93332027807696
"1171",2019-05-02,-0.89307745030843,0,2,2,5.76911779105063
"1172",2019-05-04,-0.89307745030843,0,0,6,5.76911779105063
"1173",2019-05-05,-0.89307745030843,0,-2,-3,5.76911779105063
"1174",2019-05-07,-0.835503769705277,4,2,8,6.1063350631548
"1175",2019-05-08,-0.820424948594927,0,2,0,6.19465387251542
"1176",2019-05-11,-0.820424948594927,-2,-1,-2,6.19465387251542
"1177",2019-05-12,-0.820424948594927,0,3,1,6.19465387251542
"1178",2019-05-14,-0.62302947224126,0,2,0,7.35082737687262
"1179",2019-05-15,-0.546264564770389,1,1,2,7.80045040634486
"1180",2019-05-17,-0.429746401644962,-7,-6,-10,8.48291393322237
"1181",2019-05-19,-0.429746401644962,-1,-1,-2,8.48291393322237
"1182",2019-05-20,-0.529814941740919,1,6,11,7.89679819837461
"1183",2019-05-22,-0.7039067854695,3,5,12,6.87711739939293
"1184",2019-05-23,-1.1932830705963,4,10,13,4.0107705865074
"1185",2019-05-24,-1.24674434544208,1,3,2,3.69764026241065
"1186",2019-05-25,-1.24674434544208,2,3,0,3.69764026241065
"1187",2019-05-28,-0.94379712131597,-1,-3,-5,5.47204543229218
"1188",2019-05-31,-1.41124057573681,0,0,-2,2.734162342113
"1189",2019-06-01,-1.41124057573681,5,5,10,2.734162342113
"1190",2019-06-02,-1.41124057573681,-4,-2,-8,2.734162342113
"1191",2019-06-03,-1.90747087045922,-3,3,-4,-0.172329384118282
"1192",2019-06-05,-2.04729266620973,3,4,6,-0.99128561637129
"1193",2019-06-06,-1.960932145305,1,1,7,-0.485459708215011
"1194",2019-06-09,-1.960932145305,0,0,-2,-0.485459708215011
"1195",2019-06-11,-1.85263879369431,5,4,9,0.148829922647604
"1196",2019-06-13,-1.89102124742975,5,5,17,-0.0759815920885103
"1197",2019-06-14,-1.91158327621658,-3,-3,-3,-0.196416332125715
"1198",2019-06-15,-1.91158327621658,-3,-5,-3,-0.196416332125715
"1199",2019-06-17,-1.98971898560658,-2,-1,-1,-0.654068344267106
"1200",2019-06-18,-1.88142563399589,1,4,4,-0.0197787134044809
"1201",2019-06-19,-1.94996572995202,3,2,3,-0.421227846861836
"1202",2019-06-20,-1.59492803289925,-1,-1,-1,1.65827866444727
"1203",2019-06-21,-1.5195339273475,-3,-1,-3,2.09987271125036
"1204",2019-06-22,-1.5195339273475,2,10,14,2.09987271125036
"1205",2019-06-24,-1.63331048663468,-2,2,-3,1.43346714971116
"1206",2019-06-25,-1.48526387936943,-2,1,3,2.30059727797904
"1207",2019-06-26,-1.40164496230295,0,2,-5,2.79036522079702
"1208",2019-06-27,-1.41124057573681,-1,2,0,2.734162342113
"1209",2019-06-30,-1.41124057573681,2,4,11,2.734162342113
"1210",2019-07-01,-1.64153529814942,1,1,17,1.38529325369627
"1211",2019-07-02,-1.96778615490062,0,2,3,-0.525604621560753
"1212",2019-07-03,-1.85675119945168,-4,9,0,0.124742974640167
"1213",2019-07-05,-1.76079506511309,4,4,7,0.686771761480468
"1214",2019-07-07,-1.76079506511309,-3,-3,-10,0.686771761480468
"1215",2019-07-10,-1.46196024674435,-3,-3,-1,2.43708998335455
"1216",2019-07-11,-1.29335161069225,3,6,11,3.42465485165965
"1217",2019-07-12,-1.4290610006854,-2,0,0,2.62978556741409
"1218",2019-07-13,-1.4290610006854,3,2,1,2.62978556741409
"1219",2019-07-14,-1.4290610006854,-3,5,0,2.62978556741409
"1220",2019-07-16,-1.53598355037697,0,1,0,2.0035249192206
"1221",2019-07-18,-2.2446881425634,-2,-1,1,-2.14745912072848
"1222",2019-07-20,-2.2446881425634,3,3,2,-2.14745912072848
"1223",2019-07-22,-2.07196710075394,-8,-6,-14,-1.13580730441593
"1224",2019-07-23,-2.02810143934201,1,4,6,-0.878879859003231
"1225",2019-07-26,-2.00342700479781,-2,-1,-3,-0.734358170958576
"1226",2019-07-29,-2.02673063742289,1,0,2,-0.870850876334078
"1227",2019-07-31,-1.78272789581905,2,-4,7,0.558308038774108
"1228",2019-08-01,-1.94311172035641,4,3,10,-0.381082933516101
"1229",2019-08-03,-1.94311172035641,-5,-6,-8,-0.381082933516101
"1230",2019-08-04,-1.94311172035641,-5,-5,-8,-0.381082933516101
"1231",2019-08-07,-3.02193283070596,3,6,7,-6.69989229413492
"1232",2019-08-08,-2.8492117888965,-3,8,-5,-5.68824047782238
"1233",2019-08-10,-2.8492117888965,3,3,2,-5.68824047782238
"1234",2019-08-12,-2.7340644276902,1,1,2,-5.01380593361402
"1235",2019-08-13,-2.35435229609321,0,9,2,-2.78977773426025
"1236",2019-08-14,-2.63399588759424,0,0,7,-4.42769019876627
"1237",2019-08-15,-2.70116518163125,0,2,4,-4.82111034955449
"1238",2019-08-16,-2.47772446881426,0,1,1,-3.5123861744835
"1239",2019-08-18,-2.47772446881426,-7,-4,-6,-3.5123861744835
"1240",2019-08-19,-2.36943111720356,1,4,2,-2.87809654362087
"1241",2019-08-20,-2.47361206305689,0,6,8,-3.48829922647606
"1242",2019-08-21,-2.25839616175463,0,3,3,-2.22774894741995
"1243",2019-08-22,-2.36668951336532,2,3,9,-2.86203857828258
"1244",2019-08-23,-2.52707333790267,-3,0,-2,-3.8014295505728
"1245",2019-08-24,-2.52707333790267,1,1,2,-3.8014295505728
"1246",2019-08-25,-2.52707333790267,-2,-1,-4,-3.8014295505728
"1247",2019-08-27,-2.55448937628513,-3,-1,-4,-3.96200920395574
"1248",2019-08-29,-2.25976696367375,0,0,3,-2.23577793008909
"1249",2019-08-30,-2.19808087731323,0,3,6,-1.87447370997748
"1250",2019-08-31,-2.19808087731323,-3,5,8,-1.87447370997748
"1251",2019-09-01,-2.19808087731323,-2,-1,-7,-1.87447370997748
"1252",2019-09-02,-2.53941055517478,0,0,0,-3.87369039459512
"1253",2019-09-03,-2.62440027416038,-2,-2,-4,-4.37148732008225
"1254",2019-09-04,-2.24742974640164,0,0,-1,-2.16351708606677
"1255",2019-09-05,-1.97052775873886,1,0,2,-0.541662586899047
"1256",2019-09-06,-2.16518163125428,0,0,0,-1.68177812591794
"1257",2019-09-07,-2.16518163125428,1,-2,-3,-1.68177812591794
"1258",2019-09-08,-2.16518163125428,-4,-2,-2,-1.68177812591794
"1259",2019-09-09,-1.79369431117203,4,11,11,0.49407617742094
"1260",2019-09-11,-1.92666209732693,1,1,15,-0.28473514148633
"1261",2019-09-12,-2.23646333104866,-1,1,0,-2.09928522471359
"1262",2019-09-14,-2.23646333104866,0,8,2,-2.09928522471359
"1263",2019-09-15,-2.23646333104866,-4,4,-5,-2.09928522471359
"1264",2019-09-16,-1.18642906100068,-2,8,10,4.05091549985313
"1265",2019-09-18,-1.75257025359835,0,3,6,0.734945657495359
"1266",2019-09-20,-1.62371487320082,3,2,4,1.48967002839518
"1267",2019-09-22,-1.62371487320082,1,3,5,1.48967002839518
"1268",2019-09-24,-1.77450308430432,4,4,13,0.606481934788995
"1269",2019-09-26,-2.05551747772447,0,-2,1,-1.03945951238617
"1270",2019-09-27,-2.00068540095956,0,0,-2,-0.718300205620285
"1271",2019-09-28,-2.00068540095956,0,1,0,-0.718300205620285
"1272",2019-09-29,-2.00068540095956,3,2,10,-0.718300205620285
"1273",2019-09-30,-2.20493488690884,6,14,25,-1.91461862332321
"1274",2019-10-01,-2.33241946538725,-1,0,1,-2.6613140115539
"1275",2019-10-03,-2.6134338588074,6,6,16,-4.30725545872907
"1276",2019-10-04,-2.45990404386566,-6,-1,-13,-3.40800939978458
"1277",2019-10-05,-2.45990404386566,-1,0,-2,-3.40800939978458
"1278",2019-10-06,-2.45990404386566,-2,2,5,-3.40800939978458
"1279",2019-10-07,-2.41466758053461,0,-5,3,-3.14305297170272
"1280",2019-10-08,-2.59561343385881,-6,-2,8,-4.20287868403016
"1281",2019-10-09,-2.38176833447567,-5,-2,0,-2.9503573876432
"1282",2019-10-10,-2.46675805346127,-3,-2,-1,-3.44815431313032
"1283",2019-10-11,-2.25976696367375,-1,0,5,-2.23577793008909
"1284",2019-10-12,-2.25976696367375,-4,-1,2,-2.23577793008909
"1285",2019-10-13,-2.25976696367375,-5,-7,-8,-2.23577793008909
"1286",2019-10-14,-2.50376970527759,-2,-5,-9,-3.6649368451973
"1287",2019-10-17,-2.42974640164496,-4,1,-8,-3.23137178106334
"1288",2019-10-18,-2.34612748457848,0,2,7,-2.74160383824536
"1289",2019-10-20,-2.34612748457848,2,0,2,-2.74160383824536
"1290",2019-10-21,-2.48457847840987,-2,1,-2,-3.55253108782923
"1291",2019-10-22,-2.27210418094585,2,5,5,-2.30803877411143
"1292",2019-10-23,-2.26936257710761,1,5,9,-2.29198080877312
"1293",2019-10-24,-2.10623714873201,2,3,7,-1.33653187114461
"1294",2019-10-25,-2.05825908156271,8,15,29,-1.05551747772446
"1295",2019-10-26,-2.05825908156271,0,2,2,-1.05551747772446
"1296",2019-10-28,-2.2871830020562,1,-1,7,-2.39635758347205
"1297",2019-10-30,-2.31048663468129,-1,2,4,-2.53285028884754
"1298",2019-11-01,-2.3173406442769,-7,-2,-13,-2.57299520219328
"1299",2019-11-02,-2.3173406442769,0,5,-5,-2.57299520219328
"1300",2019-11-03,-2.3173406442769,-4,-2,-11,-2.57299520219328
"1301",2019-11-04,-1.99520219328307,-4,0,-3,-0.686184274943688
"1302",2019-11-05,-1.96778615490062,-2,1,4,-0.525604621560753
"1303",2019-11-06,-2.0514050719671,-2,2,0,-1.01537256437873
"1304",2019-11-07,-1.98423577793009,-3,-3,-6,-0.621952413590517
"1305",2019-11-08,-2.06648389307745,0,2,3,-1.10369137373935
"1306",2019-11-09,-2.06648389307745,-1,3,8,-1.10369137373935
"1307",2019-11-11,-1.98697738176833,6,2,5,-0.638010378928819
"1308",2019-11-13,-2.02947224126114,-1,-4,-2,-0.886908841672369
"1309",2019-11-14,-2.00342700479781,0,-1,2,-0.734358170958576
"1310",2019-11-15,-1.88553803975325,1,2,2,-0.0438656614119211
"1311",2019-11-16,-1.88553803975325,-2,-2,8,-0.0438656614119211
"1312",2019-11-17,-1.88553803975325,0,-1,4,-0.0438656614119211
"1313",2019-11-20,-1.81973954763537,5,7,21,0.341525506707139
"1314",2019-11-21,-1.65661411925977,-4,-4,-8,1.29697444433565
"1315",2019-11-23,-1.65661411925977,3,4,3,1.29697444433565
"1316",2019-11-26,-1.67991775188485,1,1,5,1.16048173896014
"1317",2019-11-29,-1.72378341329678,1,3,6,0.903554293547444
"1318",2019-12-03,-1.93625771076079,3,2,5,-0.34093802017037
"1319",2019-12-06,-1.44962302947224,-5,0,-7,2.50935082737687
"1320",2019-12-07,-1.44962302947224,3,5,8,2.50935082737687
"1321",2019-12-08,-1.44962302947224,1,1,3,2.50935082737687
"1322",2019-12-10,-1.44002741603838,0,2,3,2.5655537060609
"1323",2019-12-13,-1.32076764907471,4,1,10,3.26407519827671
"1324",2019-12-14,-1.32076764907471,-4,0,-14,3.26407519827671
"1325",2019-12-15,-1.32076764907471,-3,-4,-5,3.26407519827671
"1326",2019-12-16,-1.23851953392735,0,4,6,3.74581415842555
"1327",2019-12-20,-1.15352981494174,-1,0,-1,4.24361108391266
"1328",2019-12-21,-1.15352981494174,2,4,6,4.24361108391266
"1329",2019-12-22,-1.15352981494174,1,2,2,4.24361108391266
"1330",2019-12-24,-1.07128169979438,0,-2,0,4.72535004406149
"1331",2019-12-26,-1.07128169979438,-8,1,-10,4.72535004406149
"1332",2019-12-27,-1.11925976696367,5,3,18,4.44433565064134
"1333",2019-12-31,-1.27553118574366,-3,7,1,3.52903162635856
"1334",2020-01-03,-1.09595613433859,3,4,-4,4.58082835601684
"1335",2020-01-04,-1.09595613433859,-6,1,-12,4.58082835601684
"1336",2020-01-05,-1.09595613433859,-3,1,7,4.58082835601684
"1337",2020-01-06,-0.935572309801233,0,0,0,5.52021932830706
"1338",2020-01-07,-1.14256339958876,1,1,3,4.30784294526583
"1339",2020-01-08,-1.3385880740233,0,2,3,3.15969842357779
"1340",2020-01-09,-1.43865661411926,-4,-4,-8,2.57358268873005
"1341",2020-01-11,-1.43865661411926,-1,2,1,2.57358268873005
"1342",2020-01-12,-1.43865661411926,-5,-1,-14,2.57358268873005
"1343",2020-01-13,-1.77313228238519,-1,-1,5,0.614510917458144
"1344",2020-01-14,-1.73063742289239,0,1,0,0.863409380201709
"1345",2020-01-15,-1.88965044551062,1,4,2,-0.0679526094193577
"1346",2020-01-17,-1.7854694996573,1,1,1,0.542250073435817
"1347",2020-01-18,-1.7854694996573,0,-1,0,0.542250073435817
"1348",2020-01-23,-2.16792323509253,1,7,1,-1.69783609125624
"1349",2020-01-25,-2.16792323509253,0,2,0,-1.69783609125624
"1350",2020-01-26,-2.16792323509253,1,2,5,-1.69783609125624
"1351",2020-01-29,-2.41466758053461,-1,4,6,-3.14305297170272
"1352",2020-02-07,-3.0904729266621,2,2,11,-7.10134142759228
"1353",2020-02-09,-3.0904729266621,-5,-4,-14,-7.10134142759228
"1354",2020-02-10,-3.24674434544208,6,1,11,-8.01664545187506
"1355",2020-02-11,-3.1631254283756,1,1,0,-7.52687750905708
"1356",2020-02-12,-2.95202193283071,0,0,4,-6.29041417800842
"1357",2020-02-14,-2.70116518163125,3,7,14,-4.82111034955449
"1358",2020-02-19,-2.37902673063742,3,13,11,-2.9342994223049
"1359",2020-02-20,-2.37902673063742,0,0,-2,-2.9342994223049
"1360",2020-02-21,-2.53255654557916,4,0,16,-3.83354548124938
"1361",2020-02-22,-2.53255654557916,0,1,3,-3.83354548124938
"1362",2020-02-23,-2.53255654557916,0,1,1,-3.83354548124938
